committee_id,committee_name,recipient_name,recipient_state,disbursement_description,disbursement_date,disbursement_amount,fec_election_type_desc,fec_election_year,payee_last_name,payee_first_name,payee_middle_name,recipient_city,recipient_zip,disbursement_purpose_category,memo_text,pdf_url
C00580100,"DONALD J. TRUMP FOR PRESIDENT, INC.",TRUMP INTERNATIONAL HOTEL,DC,AMEX: TRAVEL: LODGING [SB23.728561],2017-04-10,452.28,PRIMARY,2020,,,,WASHINGTON,20004,TRAVEL,,http://docquery.fec.gov/cgi-bin/fecimg/?201712119089161785
C00580100,"DONALD J. TRUMP FOR PRESIDENT, INC.",TRUMP INTERNATIONAL HOTEL,DC,AMEX PMT [SB23.1179444]: TRAVEL: LODGING,2017-12-14,535.26,PRIMARY,2020,,,,WASHINGTON,20004,TRAVEL,,http://docquery.fec.gov/cgi-bin/fecimg/?201804159108152092
C00359034,GRAVES FOR CONGRESS,TRUMP INTERNATIONAL HOTEL,DC,RESTURANT MEAL,2017-08-05,85.4,PRIMARY,2018,,,,WASHINGTON,200042501,TRAVEL,,http://docquery.fec.gov/cgi-bin/fecimg/?201710119075607736
C00618371,TRUMP MAKE AMERICA GREAT AGAIN COMMITTEE,"DONALD J. TRUMP FOR PRESIDENT, INC.",NY,TRANSFER OF NET PROCEEDS,2018-03-30,4970074.36,PRIMARY,2020,,,,NEW YORK,10022,TRANSFERS,,http://docquery.fec.gov/cgi-bin/fecimg/?201804159108141845
C00580100,"DONALD J. TRUMP FOR PRESIDENT, INC.",TRUMP INTERNATIONAL HOTEL,DC,AMEX PMT [SB23.1179442]: PARKING EXPENSE,2017-12-15,22,PRIMARY,2020,,,,WASHINGTON,20004,MATERIALS,,http://docquery.fec.gov/cgi-bin/fecimg/?201804159108152093
C00401224,ACTBLUE,IMPEACH TRUMP PAC,DC,EARMARK CONTRIBUTION,2017-05-07,5,PRIMARY,2016,,,,WASHINGTON,20003,OTHER,"EARMARK OF RUFFINO, LISA",http://docquery.fec.gov/cgi-bin/fecimg/?201711019082074177
C00506535,AX PAC,BLT PRIME TRUMP DC,DC,CATERING/FACILITY RENTAL,2017-08-21,974.02,,,,,,WASHINGTON,20004,ADMINISTRATIVE,,http://docquery.fec.gov/cgi-bin/fecimg/?201801319091068779
C00632323,KANSAS LEADERSHIP PAC,TRUMP INTERNATIONAL HOTEL,IL,FOOD/BEVERAGE,2018-03-26,1102,,,,,,CHICAGO,60611,OTHER,,http://docquery.fec.gov/cgi-bin/fecimg/?201804119106276297
C00637512,"AMERICA FIRST ACTION, INC.",TRUMP INTERNATIONAL HOTEL,DC,EVENT EXPENSE: FACILITY RENTAL AND CATERING,2017-11-17,3750,,,,,,WASHINGTON,20004,ADMINISTRATIVE,,http://docquery.fec.gov/cgi-bin/fecimg/?201801239090542872
C00580100,"DONALD J. TRUMP FOR PRESIDENT, INC.",TRUMP INTERNATIONAL HOTEL,DC,AMEX: TRAVEL: LODGING [SB23.728518],2017-02-21,452.28,PRIMARY,2020,,,,WASHINGTON,20004,TRAVEL,,http://docquery.fec.gov/cgi-bin/fecimg/?201712119089161782
C00580100,"DONALD J. TRUMP FOR PRESIDENT, INC.",TRUMP INTERNATIONAL HOTEL,DC,AMEX PMT [SB23.1179443]: MEETING EXPENSE: MEALS,2018-02-27,46.5,PRIMARY,2020,,,,WASHINGTON,20004,TRAVEL,,http://docquery.fec.gov/cgi-bin/fecimg/?201804159108152096
C00401224,ACTBLUE,IMPEACH TRUMP PAC,DC,EARMARK CONTRIBUTION,2017-04-16,5,PRIMARY,2016,,,,WASHINGTON,20003,OTHER,"EARMARK OF MACKLER, GEOFF",http://docquery.fec.gov/cgi-bin/fecimg/?201711019080642335
C00164418,NEW JERSEY REPUBLICAN STATE COMMITTEE,TRUMP SOHO,NY,[MEMO] TRAVEL EXPENSE,2017-01-16,789.37,,,,,,NEW YORK,100131521,MATERIALS,[MEMO] TRAVEL EXPENSE,http://docquery.fec.gov/cgi-bin/fecimg/?201702209049734355
C00401224,ACTBLUE,IMPEACH TRUMP PAC,DC,EARMARK CONTRIBUTION,2017-05-14,3,PRIMARY,2016,,,,WASHINGTON,20003,OTHER,"EARMARK OF SETTLAGE, JACQUELYN",http://docquery.fec.gov/cgi-bin/fecimg/?201711019082074186
C00580100,"DONALD J. TRUMP FOR PRESIDENT, INC.",TRUMP INTERNATIONAL HOTEL,DC,AMEX: TRAVEL: LODGING [SB23.924299],2017-05-15,566.78,PRIMARY,2020,,,,WASHINGTON,20004,TRAVEL,,http://docquery.fec.gov/cgi-bin/fecimg/?201712119089173096
C00401224,ACTBLUE,IMPEACH TRUMP PAC,DC,EARMARK CONTRIBUTION,2017-09-30,3,PRIMARY,2016,,,,WASHINGTON,20003,OTHER,"EARMARK OF STEDHAM, MARY",http://docquery.fec.gov/cgi-bin/fecimg/?201710239076558824
C00618389,TRUMP VICTORY,"DONALD J. TRUMP FOR PRESIDENT, INC.",NY,TRANSFER OF NET PROCEEDS,2017-09-22,230319.85,GENERAL,2020,,,,NEW YORK,10022,TRANSFERS,,http://docquery.fec.gov/cgi-bin/fecimg/?201710159075692766
C00608489,GREAT AMERICA PAC,TRUMP INTERNATIONAL HOTEL,DC,PARKING,2017-01-07,8.6,,,,,,WASHINGTON,20004,OTHER,,http://docquery.fec.gov/cgi-bin/fecimg/?201705139053729473
C00580100,"DONALD J. TRUMP FOR PRESIDENT, INC.",TRUMP ICE LLC,NY,OFFICE SUPPLIES,2017-03-15,828.26,GENERAL,2016,,,,NEW YORK,10022,ADMINISTRATIVE,,http://docquery.fec.gov/cgi-bin/fecimg/?201707209067004919
C00492140,AMERICAN BRIDGE 21ST CENTURY,"TRUMPOWER, CHRISTOPHER",DC,SALARY,2017-08-30,1468.1,,,TRUMPOWER,CHRISTOPHER,,WASHINGTON,200012621,ADMINISTRATIVE,*,http://docquery.fec.gov/cgi-bin/fecimg/?201804129107996361
C00401224,ACTBLUE,IMPEACH TRUMP PAC,DC,EARMARK CONTRIBUTION,2017-05-14,6.66,PRIMARY,2016,,,,WASHINGTON,20003,OTHER,"EARMARK OF SPARKS, JERRY",http://docquery.fec.gov/cgi-bin/fecimg/?201711019082074187
C00401224,ACTBLUE,IMPEACH TRUMP PAC,DC,EARMARK CONTRIBUTION,2017-05-07,15,PRIMARY,2016,,,,WASHINGTON,20003,OTHER,"EARMARK OF UNZICKER, BRIAN",http://docquery.fec.gov/cgi-bin/fecimg/?201711019082074173
C00618371,TRUMP MAKE AMERICA GREAT AGAIN COMMITTEE,"DONALD J. TRUMP FOR PRESIDENT, INC.",NY,TRANSFER OF NET PROCEEDS,2017-09-30,1769983.85,PRIMARY,2020,,,,NEW YORK,10022,TRANSFERS,,http://docquery.fec.gov/cgi-bin/fecimg/?201710159075691789
C00401224,ACTBLUE,IMPEACH TRUMP PAC,DC,EARMARK CONTRIBUTION,2017-04-16,3,PRIMARY,2016,,,,WASHINGTON,20003,OTHER,"EARMARK OF MARCLE, DOROTHY",http://docquery.fec.gov/cgi-bin/fecimg/?201711019080642335
C00541011,MCCARTHY VICTORY FUND,TRUMP INTERNATIONAL HOTEL WASHINGTON DC,DC,"INADVERTENT PAYMENT, SEE OFFSET 3/27/2017",2017-02-16,37887.7,,2017,,,,WASHINGTON,200042501,OTHER,,http://docquery.fec.gov/cgi-bin/fecimg/?201704149052161599
C00580100,"DONALD J. TRUMP FOR PRESIDENT, INC.",TRUMP INTERNATIONAL HOTEL,DC,AMEX PMT [SB23.1179443]: MEETING EXPENSE: MEALS,2018-02-02,130.4,PRIMARY,2020,,,,WASHINGTON,20004,TRAVEL,,http://docquery.fec.gov/cgi-bin/fecimg/?201804159108152095
C00433524,DUNCAN D. HUNTER FOR CONGRESS,TRUMP INTERNATIONAL HOTEL RESTAURANT,DC,FOOD/BEVERAGES,2017-12-07,56.3,,,,,,WASHINGTON,20004,OTHER,CC 02-18,http://docquery.fec.gov/cgi-bin/fecimg/?201804159108219233
C00637512,"AMERICA FIRST ACTION, INC.",TRUMP INTERNATIONAL HOTEL,DC,EVENT EXPENSE: FACILITY RENTAL AND CATERING,2017-11-17,3750,,,,,,WASHINGTON,20004,ADMINISTRATIVE,,http://docquery.fec.gov/cgi-bin/fecimg/?201801239090542873
C00618389,TRUMP VICTORY,"DONALD J. TRUMP FOR PRESIDENT, INC.",NY,TRANSFER OF NET PROCEEDS,2018-03-30,546033.84,GENERAL,2020,,,,NEW YORK,10022,TRANSFERS,,http://docquery.fec.gov/cgi-bin/fecimg/?201804159108134923
C00580100,"DONALD J. TRUMP FOR PRESIDENT, INC.",THE TRUMP CORPORATION,NY,LEGAL CONSULTING,2018-01-17,7928,PRIMARY,2020,,,,NEW YORK,10022,OTHER,,http://docquery.fec.gov/cgi-bin/fecimg/?201804159108152085
C00580100,"DONALD J. TRUMP FOR PRESIDENT, INC.",TRUMP INTERNATIONAL HOTEL LAS VEGAS,NV,FACILITY RENTAL/CATERING SERVICES,2017-02-10,13828.09,GENERAL,2016,,,,LAS VEGAS,89109,ADMINISTRATIVE,,http://docquery.fec.gov/cgi-bin/fecimg/?201707209067004926
C00401224,ACTBLUE,IMPEACH TRUMP PAC,DC,EARMARK CONTRIBUTION,2017-04-30,5,PRIMARY,2016,,,,WASHINGTON,20003,OTHER,"EARMARK OF BARDE-MACNAMARA, DOUGLAS",http://docquery.fec.gov/cgi-bin/fecimg/?201711019080642336
C00401224,ACTBLUE,IMPEACH TRUMP PAC,DC,EARMARK CONTRIBUTION,2017-04-30,5,PRIMARY,2016,,,,WASHINGTON,20003,OTHER,"EARMARK OF MANEGOLD, JAMES",http://docquery.fec.gov/cgi-bin/fecimg/?201711019080642343
C00580100,"DONALD J. TRUMP FOR PRESIDENT, INC.",TRUMP RESTAURANTS LLC,NY,FACILITY RENTAL/CATERING SERVICES,2017-02-24,1795.63,GENERAL,2016,,,,NEW YORK,10022,ADMINISTRATIVE,,http://docquery.fec.gov/cgi-bin/fecimg/?201707209067004931
C00432906,TOM ROONEY FOR CONGRESS,TRUMP INTERNATIONAL HOTEL,IL,MEETING EXPENSE,2017-10-24,6.69,,,,,,CHICAGO,60611,MATERIALS,,http://docquery.fec.gov/cgi-bin/fecimg/?201801319091078620
C00580100,"DONALD J. TRUMP FOR PRESIDENT, INC.",TRUMP INTERNATIONAL HOTEL,DC,AMEX: TRAVEL: LODGING [SB23.728560],2017-04-05,566.78,PRIMARY,2020,,,,WASHINGTON,20004,TRAVEL,,http://docquery.fec.gov/cgi-bin/fecimg/?201712119089161784
C00618389,TRUMP VICTORY,"DONALD J. TRUMP FOR PRESIDENT, INC.",NY,TRANSFER OF NET PROCEEDS,2017-12-21,735599.46,PRIMARY,2020,,,,NEW YORK,10022,TRANSFERS,,http://docquery.fec.gov/cgi-bin/fecimg/?201801319091159717
C00401224,ACTBLUE,IMPEACH TRUMP PAC,DC,EARMARK CONTRIBUTION,2017-05-14,3,PRIMARY,2016,,,,WASHINGTON,20003,OTHER,"EARMARK OF BOOTH, EDIE",http://docquery.fec.gov/cgi-bin/fecimg/?201711019082074184
C00031088,WASHINGTON STATE REPUBLICAN PARTY,TRUMP INTERNATIONAL HOTEL,DC,HOTEL,2017-07-14,904.56,,,,,,WASHINGTON,200042501,OTHER,,http://docquery.fec.gov/cgi-bin/fecimg/?201708209071106553
C00401224,ACTBLUE,IMPEACH TRUMP PAC,DC,EARMARK CONTRIBUTION,2017-05-14,5,PRIMARY,2016,,,,WASHINGTON,20003,OTHER,"EARMARK OF ANDERSON, PATRICIA",http://docquery.fec.gov/cgi-bin/fecimg/?201711019082074180
C00580100,"DONALD J. TRUMP FOR PRESIDENT, INC.",TRUMP INTERNATIONAL HOTEL,DC,AMEX: TRAVEL: LODGING [SB23.728560],2017-04-08,204.6,PRIMARY,2020,,,,WASHINGTON,20004,TRAVEL,,http://docquery.fec.gov/cgi-bin/fecimg/?201712119089161785
C00580100,"DONALD J. TRUMP FOR PRESIDENT, INC.",TRUMP INTERNATIONAL HOTEL,DC,AMEX: TRAVEL: LODGING [SB23.924301],2017-08-02,452.28,PRIMARY,2020,,,,WASHINGTON,20004,TRAVEL,,http://docquery.fec.gov/cgi-bin/fecimg/?201712119089173099
C00492140,AMERICAN BRIDGE 21ST CENTURY,"TRUMPOWER, CHRISTOPHER",DC,SALARY,2017-09-14,1556.92,,,TRUMPOWER,CHRISTOPHER,,WASHINGTON,200012621,ADMINISTRATIVE,*,http://docquery.fec.gov/cgi-bin/fecimg/?201804129107995959
C00588657,TEXANS FOR JODEY ARRINGTON,TRUMP INTERNATIONAL HOTEL,DC,"FACILITY USE, FOOD, AND BEVERAGE",2017-01-02,6363.14,PRIMARY,2018,,,,WASHINGTON,20004,OTHER,,http://docquery.fec.gov/cgi-bin/fecimg/?201704189052308001
C00580100,"DONALD J. TRUMP FOR PRESIDENT, INC.",TRUMP NATIONAL DORAL,FL,AMEX: REFUND: FACILITY RENTAL [SB23.728560],2017-03-16,-11541.2,PRIMARY,2020,,,,DORAL,33178,ADMINISTRATIVE,,http://docquery.fec.gov/cgi-bin/fecimg/?201712119089161787
C00401224,ACTBLUE,IMPEACH TRUMP PAC,DC,EARMARK CONTRIBUTION,2017-04-30,5,PRIMARY,2016,,,,WASHINGTON,20003,OTHER,"EARMARK OF VANDEWARKER, DAVID",http://docquery.fec.gov/cgi-bin/fecimg/?201711019080642347
C00592048,OMAR NAVARRO FOR CONGRESS,TRUMP NATIONAL GOLF COURSE,CA,FUNDRAISING EVENT RENTAL,2017-07-24,3670.8,PRIMARY,2018,,,,RANCHO PALOS VERDES,90275,ADMINISTRATIVE,,http://docquery.fec.gov/cgi-bin/fecimg/?201710159075749957
C00401224,ACTBLUE,IMPEACH TRUMP PAC,DC,EARMARK CONTRIBUTION,2017-06-25,25,PRIMARY,2016,,,,WASHINGTON,20003,OTHER,"EARMARK OF KELLER, WENDY",http://docquery.fec.gov/cgi-bin/fecimg/?201711029083181683
C00580100,"DONALD J. TRUMP FOR PRESIDENT, INC.",TRUMP INTERNATIONAL HOTEL WASHINGTON DC,DC,TRAVEL: LODGING [AMEX: SB23.230979],2017-01-02,452.28,PRIMARY,2020,,,,WASHINGTON,20004,TRAVEL,,http://docquery.fec.gov/cgi-bin/fecimg/?201707209067004928
C00401224,ACTBLUE,IMPEACH TRUMP PAC,DC,EARMARK CONTRIBUTION,2017-05-14,5,PRIMARY,2016,,,,WASHINGTON,20003,OTHER,"EARMARK OF MARSHALL, PATTIE",http://docquery.fec.gov/cgi-bin/fecimg/?201711019082074180
C00580100,"DONALD J. TRUMP FOR PRESIDENT, INC.",TRUMP INTERNATIONAL HOTEL,DC,AMEX: TRAVEL: LODGING [SB23.924301],2017-07-27,452.28,PRIMARY,2020,,,,WASHINGTON,20004,TRAVEL,,http://docquery.fec.gov/cgi-bin/fecimg/?201712119089173099
C00544767,THE COMMITTEE TO DEFEND THE PRESIDENT,TRUMP INTERNATIONAL HOTEL,DC,CAREY ACCT: LODGING,2018-02-02,686.5,,,,,,WASHINGTON,20004,TRAVEL,,http://docquery.fec.gov/cgi-bin/fecimg/?201803209096630904
C00580100,"DONALD J. TRUMP FOR PRESIDENT, INC.",TRUMP INTERNATIONAL HOTEL WASHINGTON DC,DC,TRAVEL: LODGING [AMEX: SB23.230979],2017-01-10,395.03,PRIMARY,2020,,,,WASHINGTON,20004,TRAVEL,,http://docquery.fec.gov/cgi-bin/fecimg/?201707209067004930
C00493924,REINVENTING A NEW DIRECTION POLITICAL ACTION COMMITTEE,TRUMP NATIONAL,VA,FOOD/BEVERAGE,2017-10-10,54,,,,,,POTOMAC FALLS,20165,OTHER,,http://docquery.fec.gov/cgi-bin/fecimg/?201801319091013690
C00631382,BOLD CONSERVATIVES PAC,TRUMP INTERNATIONAL HOTEL,DC,LODGING FOR VOLUNTEERS,2017-02-27,1723.23,,,,,,WASHINGTON,20004,TRAVEL,,http://docquery.fec.gov/cgi-bin/fecimg/?201709289075532308
C00492140,AMERICAN BRIDGE 21ST CENTURY,"TRUMPOWER, CHRISTOPHER",DC,SALARY,2017-07-14,1422.1,,,TRUMPOWER,CHRISTOPHER,,WASHINGTON,200012621,ADMINISTRATIVE,*,http://docquery.fec.gov/cgi-bin/fecimg/?201804129107995683
C00580100,"DONALD J. TRUMP FOR PRESIDENT, INC.",THE TRUMP CORPORATION,NY,LEGAL CONSULTING,2017-09-07,25885,PRIMARY,2020,,,,NEW YORK,10022,OTHER,,http://docquery.fec.gov/cgi-bin/fecimg/?201712119089173094
C00522425,JET PAC,TRUMP HOTEL,IL,PAC TRAVEL EXPENSE,2017-09-20,433.91,,,,,,CHICAGO,60611,MATERIALS,,http://docquery.fec.gov/cgi-bin/fecimg/?201801309090907688
C00401224,ACTBLUE,IMPEACH TRUMP PAC,DC,EARMARK CONTRIBUTION,2017-04-30,5,PRIMARY,2016,,,,WASHINGTON,20003,OTHER,"EARMARK OF GOUDEAU, M",http://docquery.fec.gov/cgi-bin/fecimg/?201711019080642344
C00618389,TRUMP VICTORY,"DONALD J. TRUMP FOR PRESIDENT, INC.",NY,TRANSFER OF NET PROCEEDS,2017-03-31,163330.12,GENERAL,2016,,,,NEW YORK,10022,TRANSFERS,,http://docquery.fec.gov/cgi-bin/fecimg/?201704149052179598
C00473132,MCKINLEY FOR CONGRESS,TRUMP NATIONAL GOLF CLUB,VA,EVENT CATERING,2017-12-12,846.01,,,,,,POTOMAC FALLS,20165,FUNDRAISING,,http://docquery.fec.gov/cgi-bin/fecimg/?201801319091039579
C00610451,BIGGS FOR CONGRESS,TRUMP HOTEL,DC,MEALS/MEETINGS,2017-10-25,267.7,,,,,,WASHINGTON,200042501,TRAVEL,,http://docquery.fec.gov/cgi-bin/fecimg/?201801319091169861
C00364935,BILL SHUSTER FOR CONGRESS,TRUMP INTERNATIONAL HOTEL,DC,EVENT FACILITY RENTAL,2017-04-07,6037.5,,,,,,WASHINGTON,20004,ADMINISTRATIVE,,http://docquery.fec.gov/cgi-bin/fecimg/?201707149066654780
C00401224,ACTBLUE,IMPEACH TRUMP PAC,DC,EARMARK CONTRIBUTION,2017-04-30,3,PRIMARY,2016,,,,WASHINGTON,20003,OTHER,"EARMARK OF MAYERS, RANDA",http://docquery.fec.gov/cgi-bin/fecimg/?201711019080642352
C00580100,"DONALD J. TRUMP FOR PRESIDENT, INC.",TRUMP TOWER COMMERCIAL LLC,NY,RENT,2017-04-26,39816.67,PRIMARY,2020,,,,HICKSVILLE,11802,ADMINISTRATIVE,,http://docquery.fec.gov/cgi-bin/fecimg/?201712119089161788
C00618389,TRUMP VICTORY,"DONALD J. TRUMP FOR PRESIDENT, INC.",NY,TRANSFER OF NET PROCEEDS,2017-06-09,19368.62,PRIMARY,2020,,,,NEW YORK,10022,TRANSFERS,,http://docquery.fec.gov/cgi-bin/fecimg/?201707159066692697
C00580100,"DONALD J. TRUMP FOR PRESIDENT, INC.",TRUMP TOWER COMMERCIAL LLC,NY,RENT,2017-03-13,39892.89,PRIMARY,2020,,,,HICKSVILLE,11802,ADMINISTRATIVE,,http://docquery.fec.gov/cgi-bin/fecimg/?201707209067004933
C00401224,ACTBLUE,IMPEACH TRUMP LEADERSHIP PAC,CA,EARMARK CONTRIBUTION,2017-03-26,25,PRIMARY,2016,,,,LAGUNA BEACH,92651,OTHER,"EARMARK OF VEIRS, DELANA",http://docquery.fec.gov/cgi-bin/fecimg/?201711019079632553
C00431403,VOTE TO ELECT REPUBLICANS NOW PAC (VERN PAC),"PATRIOTS 4 TRUMP, INC.",FL,POLITICAL CONTRIBUTION,2018-01-23,1000,,,,,,TAMPA,33615,OTHER,,http://docquery.fec.gov/cgi-bin/fecimg/?201804139108047011
C00492140,AMERICAN BRIDGE 21ST CENTURY,"TRUMPOWER, CHRISTOPHER",DC,SALARY,2017-04-13,1320.45,,,TRUMPOWER,CHRISTOPHER,,WASHINGTON,200012621,ADMINISTRATIVE,*,http://docquery.fec.gov/cgi-bin/fecimg/?201707299069853163
C00592048,OMAR NAVARRO FOR CONGRESS,TRUMP HOTEL,NV,TRAVEL,2018-02-26,55,PRIMARY,2018,,,,LAS VEGAS,89109,OTHER,,http://docquery.fec.gov/cgi-bin/fecimg/?201804159108203308
C00580100,"DONALD J. TRUMP FOR PRESIDENT, INC.",TRUMP INTERNATIONAL HOTEL LAS VEGAS,NV,AMEX: TRAVEL: LODGING [SB23.728519],2017-02-10,580.52,PRIMARY,2020,,,,LAS VEGAS,89109,TRAVEL,,http://docquery.fec.gov/cgi-bin/fecimg/?201712119089161786
C00580100,"DONALD J. TRUMP FOR PRESIDENT, INC.",TRUMP TOWER COMMERCIAL LLC,NY,RENT,2017-05-24,40816.67,PRIMARY,2020,,,,HICKSVILLE,11802,ADMINISTRATIVE,,http://docquery.fec.gov/cgi-bin/fecimg/?201712119089161788
C00637512,"AMERICA FIRST ACTION, INC.",TRUMP INTERNATIONAL HOTEL,DC,EVENT EXPENSE: FACILITY RENTAL AND CATERING,2017-11-17,19000,,,,,,WASHINGTON,20004,ADMINISTRATIVE,,http://docquery.fec.gov/cgi-bin/fecimg/?201801239090542873
C00580100,"DONALD J. TRUMP FOR PRESIDENT, INC.",TRUMP TOWER COMMERCIAL LLC,NY,RENT,2017-08-03,4550,PRIMARY,2020,,,,HICKSVILLE,11802,ADMINISTRATIVE,,http://docquery.fec.gov/cgi-bin/fecimg/?201712119089173101
C00580100,"DONALD J. TRUMP FOR PRESIDENT, INC.",TRUMP INTERNATIONAL HOTEL,DC,AMEX PMT [SB23.1179444]: TRAVEL: LODGING,2017-11-15,686.33,PRIMARY,2020,,,,WASHINGTON,20004,TRAVEL,,http://docquery.fec.gov/cgi-bin/fecimg/?201804159108152090
C00580100,"DONALD J. TRUMP FOR PRESIDENT, INC.",TRUMP RESTAURANTS LLC,NY,RENT,2017-04-01,1000,PRIMARY,2020,,,,NEW YORK,10022,ADMINISTRATIVE,,http://docquery.fec.gov/cgi-bin/fecimg/?201712119089161787
C00401224,ACTBLUE,IMPEACH TRUMP PAC,DC,EARMARK CONTRIBUTION,2017-05-14,5,PRIMARY,2016,,,,WASHINGTON,20003,OTHER,"EARMARK OF ANDERSON, PATRICIA",http://docquery.fec.gov/cgi-bin/fecimg/?201711019082074183
C00493924,REINVENTING A NEW DIRECTION POLITICAL ACTION COMMITTEE,TRUMP NATIONAL,VA,FOOD/BEVERAGE,2017-12-08,43.4,,,,,,POTOMAC FALLS,20165,OTHER,,http://docquery.fec.gov/cgi-bin/fecimg/?201801319091013728
C00580100,"DONALD J. TRUMP FOR PRESIDENT, INC.",TRUMP RESTAURANTS LLC,NY,RENT,2018-01-29,2000,PRIMARY,2020,,,,NEW YORK,10022,ADMINISTRATIVE,,http://docquery.fec.gov/cgi-bin/fecimg/?201804159108152098
C00075341,"MOTOROLA SOLUTIONS, INC. POLITICAL ACTION COMMITTEE",COMMITTEE TO ELECT CHARLES S TRUMP IV,WV,NONFEDERAL CONTRIBUTION,2017-12-07,1000,,,,,,BERKELEY SPRINGS,25411,OTHER,,http://docquery.fec.gov/cgi-bin/fecimg/?201801249090608441
C00373001,CITIZENS FOR TURNER,TRUMP INTERNATIONAL HOTEL DC,DC,MEETING FOOD AND BEVERAGE,2017-12-18,63.2,PRIMARY,2018,,,,WASHINGTON,200042501,OTHER,,http://docquery.fec.gov/cgi-bin/fecimg/?201801319091285063
C00401224,ACTBLUE,IMPEACH TRUMP PAC,DC,EARMARK CONTRIBUTION,2017-02-19,10,PRIMARY,2016,,,,WASHINGTON,20003,OTHER,"EARMARK OF HOCH, YANA",http://docquery.fec.gov/cgi-bin/fecimg/?201803099096392476
C00401224,ACTBLUE,IMPEACH TRUMP PAC,DC,EARMARK CONTRIBUTION,2017-05-28,70,PRIMARY,2016,,,,WASHINGTON,20003,OTHER,"EARMARK OF MARLOWE, JAMES",http://docquery.fec.gov/cgi-bin/fecimg/?201711019082074188
C00003418,REPUBLICAN NATIONAL COMMITTEE,TRUMP INTERNATIONAL HOTEL WDC,DC,VENUE RENTAL AND CATERING,2017-07-19,121250,,,,,,WASHINGTON,20004,ADMINISTRATIVE,,http://docquery.fec.gov/cgi-bin/fecimg/?201709199074787661
C00618876,REBUILDING AMERICA NOW,TRUMP OLD POST OFFICE,DC,FOOD/BEVERAGE,2017-01-03,75.8,GENERAL,2018,,,,WASHINGTON,20004,OTHER,,http://docquery.fec.gov/cgi-bin/fecimg/?201707319069917489
C00441295,GREGG HARPER FOR CONGRESS,TRUMP INTERNATIONAL,DC,TRAVEL - HOTEL,2017-12-11,1696.68,PRIMARY,2018,,,,WASHINGTON,20004,OTHER,,http://docquery.fec.gov/cgi-bin/fecimg/?201804059101020477
C00580100,"DONALD J. TRUMP FOR PRESIDENT, INC.",TRUMP INTERNATIONAL HOTEL,DC,AMEX PMT [SB23.1179444]: MEETING EXPENSE: MEALS,2017-11-30,131,PRIMARY,2020,,,,WASHINGTON,20004,TRAVEL,,http://docquery.fec.gov/cgi-bin/fecimg/?201804159108152091
C00592048,OMAR NAVARRO FOR CONGRESS,TRUMP NATIONAL GOLF COURSE,CA,MEALS,2017-10-23,90.56,PRIMARY,2018,,,,RANCHO PALOS VERDES,90275,TRAVEL,,http://docquery.fec.gov/cgi-bin/fecimg/?201801319091316996
C00522425,JET PAC,TERRACE AT TRUMP,IL,PAC MEETING EXPENSE,2017-09-20,70.21,,,,,,CHICAGO,60611,MATERIALS,,http://docquery.fec.gov/cgi-bin/fecimg/?201801309090907687
C00401224,ACTBLUE,IMPEACH TRUMP PAC,DC,EARMARK CONTRIBUTION,2017-06-18,10,PRIMARY,2016,,,,WASHINGTON,20003,OTHER,"EARMARK OF HOCH, YANA",http://docquery.fec.gov/cgi-bin/fecimg/?201711029083181682
C00401224,ACTBLUE,IMPEACH TRUMP PAC,DC,EARMARK CONTRIBUTION,2017-04-30,25,PRIMARY,2016,,,,WASHINGTON,20003,OTHER,"EARMARK OF NOBLE, DARLENE",http://docquery.fec.gov/cgi-bin/fecimg/?201711019080642340
C00096842,THE AMERICAN ELECTRIC POWER COMMITTEE FOR RESPONSIBLE GOVERNMENT,COMMITTEE TO ELECT CHARLES S. TRUMP IV,WV,NONFEDERAL CONTRIBUTION,2017-12-05,1000,,,,,,BERKELEY SPRINGS,25411,OTHER,,http://docquery.fec.gov/cgi-bin/fecimg/?201801249090610016
C00401224,ACTBLUE,IMPEACH TRUMP PAC,DC,EARMARK CONTRIBUTION,2017-05-14,3,PRIMARY,2016,,,,WASHINGTON,20003,OTHER,"EARMARK OF KANGAS, NANCY",http://docquery.fec.gov/cgi-bin/fecimg/?201711019082074181
C00637512,"AMERICA FIRST ACTION, INC.",TRUMP INTERNATIONAL HOTEL LAS VEGAS,NV,WALSH REIMBURSEMENT [SB21B.15929]: TRAVEL: LODGING,2018-01-27,940.24,,,,,,LAS VEGAS,89109,TRAVEL,,http://docquery.fec.gov/cgi-bin/fecimg/?201804129108012542
C00580100,"DONALD J. TRUMP FOR PRESIDENT, INC.",TRUMP INTERNATIONAL HOTEL,DC,AMEX: TRAVEL: LODGING [SB23.924300],2017-06-20,243.66,PRIMARY,2020,,,,WASHINGTON,20004,TRAVEL,,http://docquery.fec.gov/cgi-bin/fecimg/?201712119089173097
C00650374,STEWART FOR SENATE INC,TRUMP INTERNATIONAL HOTEL,DC,MEETING EXPENSE - MEALS,2017-11-09,75.7,PRIMARY,2018,,,,WASHINGTON,200042501,TRAVEL,,http://docquery.fec.gov/cgi-bin/fecimg/?201802050200113294
C00580100,"DONALD J. TRUMP FOR PRESIDENT, INC.",TRUMP INTERNATIONAL HOTEL,DC,AMEX PMT [SB23.1179443]: TRAVEL: LODGING,2018-02-03,1755.18,PRIMARY,2020,,,,WASHINGTON,20004,TRAVEL,,http://docquery.fec.gov/cgi-bin/fecimg/?201804159108152096
C00401224,ACTBLUE,IMPEACH TRUMP PAC,DC,EARMARK CONTRIBUTION,2017-04-30,3,PRIMARY,2016,,,,WASHINGTON,20003,OTHER,"EARMARK OF WAX, MARY JANE",http://docquery.fec.gov/cgi-bin/fecimg/?201711019080642342
C00494583,TED YOHO FOR CONGRESS,BLT-TRUMP INTERNATIONAL HOTEL,DC,EVENT CATERING,2017-06-14,1259.3,,,,,,WASHINGTON,20004,FUNDRAISING,,http://docquery.fec.gov/cgi-bin/fecimg/?201708039069933558
C00618389,TRUMP VICTORY,"DONALD J. TRUMP FOR PRESIDENT, INC.",NY,TRANSFER OF NET PROCEEDS,2017-09-30,22766.83,GENERAL,2020,,,,NEW YORK,10022,TRANSFERS,,http://docquery.fec.gov/cgi-bin/fecimg/?201710159075692767
C00003418,REPUBLICAN NATIONAL COMMITTEE,TRUMP INTERNATIONAL HOTEL,DC,VENUE RENTAL AND CATERING,2018-01-02,13750,,,,,,WASHINGTON,20004,ADMINISTRATIVE,,http://docquery.fec.gov/cgi-bin/fecimg/?201802209094628697
C00472365,"YODER FOR CONGRESS, INC",TRUMP HOTEL,IL,LODGING,2017-08-30,353.68,PRIMARY,2018,,,,CHICAGO,606113583,TRAVEL,,http://docquery.fec.gov/cgi-bin/fecimg/?201710159075705048
C00003418,REPUBLICAN NATIONAL COMMITTEE,TRUMP INTERNATIONAL HOTEL,DC,VENUE RENTAL AND CATERING,2017-12-18,27500,,,,,,WASHINGTON,20004,ADMINISTRATIVE,,http://docquery.fec.gov/cgi-bin/fecimg/?201802139094563579
C00401224,ACTBLUE,IMPEACH TRUMP PAC,DC,EARMARK CONTRIBUTION,2017-04-30,3,PRIMARY,2016,,,,WASHINGTON,20003,OTHER,"EARMARK OF NARODNY, DOROTHY",http://docquery.fec.gov/cgi-bin/fecimg/?201711019080642337
C00401224,ACTBLUE,IMPEACH TRUMP PAC,DC,EARMARK CONTRIBUTION,2017-02-26,3,PRIMARY,2016,,,,WASHINGTON,20003,OTHER,"EARMARK OF ZWERDLING, ALEX",http://docquery.fec.gov/cgi-bin/fecimg/?201803099096392476
C00401224,ACTBLUE,IMPEACH TRUMP PAC,DC,EARMARK CONTRIBUTION,2017-04-30,3,PRIMARY,2016,,,,WASHINGTON,20003,OTHER,"EARMARK OF YOUNG, KATHY",http://docquery.fec.gov/cgi-bin/fecimg/?201711019080642336
C00027466,NRSC,TRUMP HOTEL,DC,FOOD/BEVERAGE,2018-02-08,33,,,,,,WASHINGTON,20004,OTHER,,http://docquery.fec.gov/cgi-bin/fecimg/?201803190200176288
C00580100,"DONALD J. TRUMP FOR PRESIDENT, INC.",TRUMP INTERNATIONAL HOTEL WASHINGTON DC,DC,TRAVEL: LODGING [AMEX: SB23.230979],2017-01-04,662.99,PRIMARY,2020,,,,WASHINGTON,20004,TRAVEL,,http://docquery.fec.gov/cgi-bin/fecimg/?201707209067004929
C00003418,REPUBLICAN NATIONAL COMMITTEE,TRUMP INTERNATIONAL HOTEL,DC,CATERING/FOOD AND BEVERAGES,2018-01-18,197,,,,,,WASHINGTON,20004,FUNDRAISING,,http://docquery.fec.gov/cgi-bin/fecimg/?201802209094628918
C00003418,REPUBLICAN NATIONAL COMMITTEE,TRUMP NATIONAL DORAL MIAMI,FL,VENUE RENTAL AND CATERING,2017-12-12,3000,,,,,,MIAMI,33178,ADMINISTRATIVE,,http://docquery.fec.gov/cgi-bin/fecimg/?201802139094563371
C00003418,REPUBLICAN NATIONAL COMMITTEE,TRUMP INTERNATIONAL HOTEL WDC,DC,CATERING/FOOD AND BEVERAGES,2017-08-19,27,,,,,,WASHINGTON,20004,FUNDRAISING,,http://docquery.fec.gov/cgi-bin/fecimg/?201712299090344378
C00401224,ACTBLUE,IMPEACH TRUMP PAC,DC,EARMARK CONTRIBUTION,2017-04-30,5,PRIMARY,2016,,,,WASHINGTON,20003,OTHER,"EARMARK OF POOLER, KIM",http://docquery.fec.gov/cgi-bin/fecimg/?201711019080642349
C00580100,"DONALD J. TRUMP FOR PRESIDENT, INC.",TRUMP INTERNATIONAL HOTEL,DC,AMEX: TRAVEL: LODGING [SB23.924300],2017-06-29,910.28,PRIMARY,2020,,,,WASHINGTON,20004,TRAVEL,,http://docquery.fec.gov/cgi-bin/fecimg/?201712119089173098
C00207993,FRIENDS OF JIM INHOFE,TRUMP INTERNATIONAL HOTEL,DC,FOOD & BEVERAGE,2017-10-17,105.37,PRIMARY,2020,,,,WASHINGTON,20004,OTHER,FOOD & BEVERAGE,http://docquery.fec.gov/cgi-bin/fecimg/?201802010200059524
C00401224,ACTBLUE,IMPEACH TRUMP PAC,DC,EARMARK CONTRIBUTION,2017-05-14,5,PRIMARY,2016,,,,WASHINGTON,20003,OTHER,"EARMARK OF MILLER GILBEY, DIANA",http://docquery.fec.gov/cgi-bin/fecimg/?201711019082074182
C00580100,"DONALD J. TRUMP FOR PRESIDENT, INC.",TRUMP RESTAURANTS LLC,NY,RENT,2018-02-26,3000,PRIMARY,2020,,,,NEW YORK,10022,ADMINISTRATIVE,,http://docquery.fec.gov/cgi-bin/fecimg/?201804159108152098
C00401224,ACTBLUE,IMPEACH TRUMP PAC,DC,EARMARK CONTRIBUTION,2017-06-18,3,PRIMARY,2016,,,,WASHINGTON,20003,OTHER,"EARMARK OF SELLERS, NANCY",http://docquery.fec.gov/cgi-bin/fecimg/?201711029083181682
C00401224,ACTBLUE,IMPEACH TRUMP PAC,DC,EARMARK CONTRIBUTION,2017-05-14,3,PRIMARY,2016,,,,WASHINGTON,20003,OTHER,"EARMARK OF FONG, JANE",http://docquery.fec.gov/cgi-bin/fecimg/?201711019082074186
C00618371,TRUMP MAKE AMERICA GREAT AGAIN COMMITTEE,"DONALD J. TRUMP FOR PRESIDENT, INC.",NY,TRANSFER OF NET PROCEEDS,2017-09-29,2704147.53,PRIMARY,2020,,,,NEW YORK,10022,TRANSFERS,,http://docquery.fec.gov/cgi-bin/fecimg/?201710159075691789
C00003418,REPUBLICAN NATIONAL COMMITTEE,TRUMP INTERNATIONAL HOTEL,DC,TRAVEL EXPENSES,2018-01-18,696.64,,,,,,WASHINGTON,20004,MATERIALS,,http://docquery.fec.gov/cgi-bin/fecimg/?201802209094628919
C00650374,STEWART FOR SENATE INC,TRUMP INTERNATIONAL HOTEL,DC,MEETING EXPENSE - MEALS,2017-10-12,131.2,PRIMARY,2018,,,,WASHINGTON,200042501,TRAVEL,,http://docquery.fec.gov/cgi-bin/fecimg/?201802050200113284
C00027466,NRSC,TRUMP INTERNATONAL HOTEL,DC,FOOD/BEVERAGE,2018-02-12,8733.99,,,,,,WASHINGTON,20004,OTHER,,http://docquery.fec.gov/cgi-bin/fecimg/?201803190200176338
C00580100,"DONALD J. TRUMP FOR PRESIDENT, INC.",TRUMP INTERNATIONAL HOTEL,DC,AMEX PMT [SB23.1179443]: TRAVEL: LODGING,2018-01-31,1298.83,PRIMARY,2020,,,,WASHINGTON,20004,TRAVEL,,http://docquery.fec.gov/cgi-bin/fecimg/?201804159108152094
C00559542,NATIONAL ASSOCIATION OF ROYALTY OWNERS PAC (NARO PAC),TRUMP INTERNATIONAL HOTEL,DC,PAC LODGING,2017-09-29,848.82,,,,,,WASHINGTON,20004,TRAVEL,,http://docquery.fec.gov/cgi-bin/fecimg/?201801299090701478
C00458877,KINZINGER FOR CONGRESS,TRUMP HOTEL,IL,EVENT CATERING,2017-10-10,937.3,,,,,,CHICAGO,60611,FUNDRAISING,,http://docquery.fec.gov/cgi-bin/fecimg/?201803059095645379
C00492140,AMERICAN BRIDGE 21ST CENTURY,"TRUMPOWER, CHRISTOPHER",DC,SALARY,2017-12-27,1293.15,,,TRUMPOWER,CHRISTOPHER,,WASHINGTON,200012621,ADMINISTRATIVE,*,http://docquery.fec.gov/cgi-bin/fecimg/?201804129107996191
C00401224,ACTBLUE,IMPEACH TRUMP PAC,DC,EARMARK CONTRIBUTION,2017-04-30,3,PRIMARY,2016,,,,WASHINGTON,20003,OTHER,"EARMARK OF RUSSELL, JOAN",http://docquery.fec.gov/cgi-bin/fecimg/?201711019080642351
C00493924,REINVENTING A NEW DIRECTION POLITICAL ACTION COMMITTEE,TRUMP NATIONAL,VA,FOOD/BEVERAGE,2017-12-08,170.73,,,,,,POTOMAC FALLS,20165,OTHER,,http://docquery.fec.gov/cgi-bin/fecimg/?201801319091013785
C00401224,ACTBLUE,IMPEACH TRUMP PAC,DC,EARMARK CONTRIBUTION,2017-04-30,5,PRIMARY,2016,,,,WASHINGTON,20003,OTHER,"EARMARK OF WHITLOW, VESTERIA",http://docquery.fec.gov/cgi-bin/fecimg/?201711019080642339
C00618389,TRUMP VICTORY,"DONALD J. TRUMP FOR PRESIDENT, INC.",NY,TRANSFER OF NET PROCEEDS,2017-06-16,37720.58,PRIMARY,2020,,,,NEW YORK,10022,TRANSFERS,,http://docquery.fec.gov/cgi-bin/fecimg/?201707159066692697
C00093054,WALMART INC. PAC FOR RESPONSIBLE GOVERNMENT,COMMITTEE TO ELECT CHARLES TRUMP IV,WV,NONFEDERAL CONTRIBUTION,2018-01-03,500,,,,,,BERKELEY SPRINGS,25411,OTHER,,http://docquery.fec.gov/cgi-bin/fecimg/?201802209094595537
C00608398,JOHN KENNEDY FOR US,TRUMP INTERNATIONAL HOTEL,DC,TRAVEL - LODGING,2017-08-31,1850,PRIMARY,2022,,,,WASHINGTON,20004,TRAVEL,,http://docquery.fec.gov/cgi-bin/fecimg/?201710180200324892
C00492140,AMERICAN BRIDGE 21ST CENTURY,"TRUMPOWER, CHRISTOPHER",DC,SALARY,2018-01-12,1320.45,,,TRUMPOWER,CHRISTOPHER,,WASHINGTON,200012621,ADMINISTRATIVE,*,http://docquery.fec.gov/cgi-bin/fecimg/?201804129107996792
C00467522,RANDY HULTGREN FOR CONGRESS,TRUMP INTERNATIONAL HOTEL & TOWER,IL,LODGING,2017-12-27,290.97,,,,,,CHICAGO,606113583,TRAVEL,,http://docquery.fec.gov/cgi-bin/fecimg/?201803019095638634
C00580100,"DONALD J. TRUMP FOR PRESIDENT, INC.",THE TRUMP INTL HOTEL,DC,AMEX PMT [SB23.925529]: TRAVEL: LODGING,2017-10-13,797.86,PRIMARY,2020,,,,WASHINGTON,20004,TRAVEL,,http://docquery.fec.gov/cgi-bin/fecimg/?201804129108005230
C00580100,"DONALD J. TRUMP FOR PRESIDENT, INC.",TRUMP ICE LLC,NY,OFFICE SUPPLIES,2017-02-22,828.26,GENERAL,2016,,,,NEW YORK,10022,ADMINISTRATIVE,,http://docquery.fec.gov/cgi-bin/fecimg/?201707209067004918
C00040253,ALLSTATE INSURANCE COMPANY PAC,CHARLES TRUMP FOR HOUSE,WV,NONFEDERAL CONTRIBUTION,2017-12-15,250,,,,,,BERKELEY SPRINGS,254111588,OTHER,,http://docquery.fec.gov/cgi-bin/fecimg/?201801189090433563
C00401224,ACTBLUE,IMPEACH TRUMP PAC,DC,EARMARK CONTRIBUTION,2017-05-21,10,PRIMARY,2016,,,,WASHINGTON,20003,OTHER,"EARMARK OF HOCH, YANA",http://docquery.fec.gov/cgi-bin/fecimg/?201711019082074187
C00618389,TRUMP VICTORY,"DONALD J. TRUMP FOR PRESIDENT, INC.",NY,TRANSFER OF NET PROCEEDS,2018-03-30,1041761.82,PRIMARY,2020,,,,NEW YORK,10022,TRANSFERS,,http://docquery.fec.gov/cgi-bin/fecimg/?201804159108134923
C00401224,ACTBLUE,IMPEACH TRUMP PAC,DC,EARMARK CONTRIBUTION,2017-04-30,3,PRIMARY,2016,,,,WASHINGTON,20003,OTHER,"EARMARK OF MARCLE, DOROTHY",http://docquery.fec.gov/cgi-bin/fecimg/?201711019080642337
C00075820,NRCC,TRUMP INTERNATIONAL HOTEL,DC,TRAVEL,2018-02-08,1211.1,,,,,,WASHINGTON,20004,OTHER,,http://docquery.fec.gov/cgi-bin/fecimg/?201803209096641403
C00580100,"DONALD J. TRUMP FOR PRESIDENT, INC.",TRUMP TOWER COMMERCIAL LLC,NY,RENT,2017-04-01,39816.67,PRIMARY,2020,,,,HICKSVILLE,11802,ADMINISTRATIVE,,http://docquery.fec.gov/cgi-bin/fecimg/?201712119089161788
C00580100,"DONALD J. TRUMP FOR PRESIDENT, INC.",TRUMP RESTAURANTS LLC,NY,CATERING SERVICES,2018-01-03,95.81,PRIMARY,2020,,,,NEW YORK,10022,FUNDRAISING,,http://docquery.fec.gov/cgi-bin/fecimg/?201804159108152098
C00401224,ACTBLUE,IMPEACH TRUMP PAC,DC,EARMARK CONTRIBUTION,2017-05-14,3,PRIMARY,2016,,,,WASHINGTON,20003,OTHER,"EARMARK OF GADIENT, MAUREEN",http://docquery.fec.gov/cgi-bin/fecimg/?201711019082074183
C00401224,ACTBLUE,IMPEACH TRUMP PAC,DC,EARMARK CONTRIBUTION,2017-06-11,3,PRIMARY,2016,,,,WASHINGTON,20003,OTHER,"EARMARK OF REIMER-PEARSON, KATHY",http://docquery.fec.gov/cgi-bin/fecimg/?201711029083181682
C00420935,KEVIN MCCARTHY FOR CONGRESS,TRUMP INTERNATIONAL HOTEL,DC,LODGING,2017-01-13,230,PRIMARY,2018,,,,WASHINGTON,200042501,TRAVEL,,http://docquery.fec.gov/cgi-bin/fecimg/?201704149052167129
C00081547,DTE ENERGY COMPANY POLITICAL ACTION COMMITTEE,TRUMP FOR SENATE,WV,"CHARLES TRUMP, STATE SENATE 15TH WV",2017-11-10,500,,,,,,BERKELEY SPRINGS,25411,OTHER,"CHARLES TRUMP, STATE SENATE 15TH WV",http://docquery.fec.gov/cgi-bin/fecimg/?201712089089144841
C00401224,ACTBLUE,IMPEACH TRUMP PAC,DC,EARMARK CONTRIBUTION,2017-04-30,5,PRIMARY,2016,,,,WASHINGTON,20003,OTHER,"EARMARK OF SHIELDS, SHERRY",http://docquery.fec.gov/cgi-bin/fecimg/?201711019080642338
C00618389,TRUMP VICTORY,"DONALD J. TRUMP FOR PRESIDENT, INC.",NY,TRANSFER OF NET PROCEEDS,2017-12-21,308527.71,GENERAL,2020,,,,NEW YORK,10022,TRANSFERS,,http://docquery.fec.gov/cgi-bin/fecimg/?201801319091159717
C00580100,"DONALD J. TRUMP FOR PRESIDENT, INC.","TRUMP RESTAURANTS, LLC",NY,AMEX PMT [SB23.925530]: MEETING EXPENSE: MEALS,2017-10-09,217.75,PRIMARY,2020,,,,NEW YORK,10022,TRAVEL,,http://docquery.fec.gov/cgi-bin/fecimg/?201804129108005233
C00580100,"DONALD J. TRUMP FOR PRESIDENT, INC.",TRUMP INTERNATIONAL HOTEL,DC,AMEX: REFUND: TRAVEL: LODGING [SB23.924301],2017-08-03,-452.28,PRIMARY,2020,,,,WASHINGTON,20004,TRAVEL,,http://docquery.fec.gov/cgi-bin/fecimg/?201712119089173100
C00618389,TRUMP VICTORY,"DONALD J. TRUMP FOR PRESIDENT, INC.",NY,REIMBURSEMENT: TRAVEL,2017-11-06,13378.38,,,,,,NEW YORK,10022,OTHER,,http://docquery.fec.gov/cgi-bin/fecimg/?201801319091159702
C00401224,ACTBLUE,IMPEACH TRUMP PAC,DC,EARMARK CONTRIBUTION,2017-04-30,5,PRIMARY,2016,,,,WASHINGTON,20003,OTHER,"EARMARK OF CAVE, RUTH ANN",http://docquery.fec.gov/cgi-bin/fecimg/?201711019080642341
C00401224,ACTBLUE,IMPEACH TRUMP PAC,DC,EARMARK CONTRIBUTION,2017-06-11,25,PRIMARY,2016,,,,WASHINGTON,20003,OTHER,"EARMARK OF MARLOWE, JAMES",http://docquery.fec.gov/cgi-bin/fecimg/?201711029083181681
C00433524,DUNCAN D. HUNTER FOR CONGRESS,TRUMP INTERNATIONAL HOTEL RESTAURANT,DC,FOOD/BEVERAGES,2018-01-19,631.9,,,,,,WASHINGTON,20004,OTHER,CC 03-18,http://docquery.fec.gov/cgi-bin/fecimg/?201804159108219240
C00003418,REPUBLICAN NATIONAL COMMITTEE,THE TRUMP CAFE,NY,TRAVEL EXPENSES,2017-10-19,65.71,,,,,,NEW YORK,10022,MATERIALS,,http://docquery.fec.gov/cgi-bin/fecimg/?201802139094552966
C00464032,TOM REED FOR CONGRESS,TRUMP INTERNATIONAL HOTEL,DC,FUNDRAISING/CATERING,2017-10-06,242.4,PRIMARY,2018,,,,WASHINGTON,200042501,FUNDRAISING,,http://docquery.fec.gov/cgi-bin/fecimg/?201801319091151312
C00311043,BRADY FOR CONGRESS,BLT PRIME TRUMP DC,DC,MEETINGS AND MEALS,2018-02-09,498.6,PRIMARY,2018,,,,WASHINGTON,20004,TRAVEL,,http://docquery.fec.gov/cgi-bin/fecimg/?201802219095504478
C00224691,ROHRABACHER FOR CONGRESS,TRUMP INTERNATIONAL HOTEL,DC,EVENT ROOM & FINAL CATERING COSTS,2017-07-05,972.98,PRIMARY,2018,,,,WASHINGTON,20004,FUNDRAISING,,http://docquery.fec.gov/cgi-bin/fecimg/?201710159075726753
C00492140,AMERICAN BRIDGE 21ST CENTURY,"TRUMPOWER, CHRISTOPHER",DC,SALARY,2018-03-15,1702.89,,,TRUMPOWER,CHRISTOPHER,,WASHINGTON,200012621,ADMINISTRATIVE,*,http://docquery.fec.gov/cgi-bin/fecimg/?201804129107996893
C00401224,ACTBLUE,IMPEACH TRUMP PAC,DC,EARMARK CONTRIBUTION,2017-04-30,5,PRIMARY,2016,,,,WASHINGTON,20003,OTHER,"EARMARK OF STILL, SUSAN",http://docquery.fec.gov/cgi-bin/fecimg/?201711019080642348
C00003418,REPUBLICAN NATIONAL COMMITTEE,THE TRUMP CAFE,NY,TRAVEL EXPENSES,2017-02-16,391.44,,,,,,NEW YORK,10022,MATERIALS,,http://docquery.fec.gov/cgi-bin/fecimg/?201703209050913641
C00539825,CAPITO FOR WEST VIRGINIA,"TRUMP, REBECCA",WV,NET SALARY,2017-04-28,724.8,PRIMARY,2020,TRUMP,REBECCA,,MORGANTOWN,26505,ADMINISTRATIVE,NET SALARY,http://docquery.fec.gov/cgi-bin/fecimg/?201707180200199151
C00571208,ONE GEORGIA PAC,TRUMP NATIONAL DORAL,FL,REIMBURSEMENT [SB21B.5587]: TRAVEL: GROUND TRANSPORTATION,2017-01-10,150,,,,,,MIAMI,33178,OTHER,,http://docquery.fec.gov/cgi-bin/fecimg/?201803209096650311
C00582304,FRIENDS OF NEAL DUNN,DONALD J. TRUMP FOR PRESIDENT INC.,NY,CONTRIBUTION TO CANDIDATE,2017-12-21,100,PRIMARY,2020,,,,NEW YORK,10022,REFUNDS,,http://docquery.fec.gov/cgi-bin/fecimg/?201801319091062197
C00592048,OMAR NAVARRO FOR CONGRESS,TRUMP HOTEL,NV,HOTEL,2017-09-20,258.76,PRIMARY,2018,,,,LAS VEGAS,89109,OTHER,,http://docquery.fec.gov/cgi-bin/fecimg/?201710159075749956
C00580100,"DONALD J. TRUMP FOR PRESIDENT, INC.",THE TRUMP CORPORATION,NY,LEGAL CONSULTING,2017-10-10,9510,PRIMARY,2020,,,,NEW YORK,10022,OTHER,,http://docquery.fec.gov/cgi-bin/fecimg/?201804129108005228
C00401224,ACTBLUE,IMPEACH TRUMP PAC,DC,EARMARK CONTRIBUTION,2017-04-30,3,PRIMARY,2016,,,,WASHINGTON,20003,OTHER,"EARMARK OF LOEWENTHAL, MARTHA",http://docquery.fec.gov/cgi-bin/fecimg/?201711019080642342
C00633362,"HANDEL FOR CONGRESS, INC.",TRUMP INTERNATIONAL HOTEL WASHINGTON,DC,FOOD/BEVERAGE,2017-10-20,40.8,PRIMARY,2018,,,,WASHINGTON,200042501,OTHER,,http://docquery.fec.gov/cgi-bin/fecimg/?201801309090892245
C00491357,STEVE DAINES FOR MONTANA,TRUMP INTERNATIONAL HOTEL,NV,LODGING,2017-11-09,280.62,PRIMARY,2020,,,,LAS VEGAS,891091936,TRAVEL,,http://docquery.fec.gov/cgi-bin/fecimg/?201802050200116852
C00272211,PETE KING FOR CONGRESS COMMITTEE,TRUMP INTERNATIONAL HOTEL,DC,MEAL,2017-01-23,118,PRIMARY,2018,,,,WASHINGTON,20004,TRAVEL,MEAL,http://docquery.fec.gov/cgi-bin/fecimg/?201704149052180543
C00164418,NEW JERSEY REPUBLICAN STATE COMMITTEE,TRUMP SOHO,NY,[MEMO] TRAVEL EXPENSE,2017-01-16,455.32,,,,,,NEW YORK,100131521,MATERIALS,[MEMO] TRAVEL EXPENSE,http://docquery.fec.gov/cgi-bin/fecimg/?201702209049734355
C00140855,FIRSTENERGY CORP. POLITICAL ACTION COMMITTEE,TRUMP FOR SENATE,WV,"CHARLES TRUMP, STATE SENATE 15TH WV",2017-12-18,1000,,,,,,BERKELEY SPRINGS,25411,OTHER,"CHARLES TRUMP, STATE SENATE 15TH WV",http://docquery.fec.gov/cgi-bin/fecimg/?201801319091107506
C00650374,STEWART FOR SENATE INC,TRUMP INTERNATIONAL HOTEL,DC,MEETING EXPENSE - MEALS,2017-11-09,223,PRIMARY,2018,,,,WASHINGTON,200042501,TRAVEL,,http://docquery.fec.gov/cgi-bin/fecimg/?201802050200113294
C00637512,"AMERICA FIRST ACTION, INC.",TRUMP INTERNATIONAL HOTEL,DC,1ST BANKCARD PMT [SB21B.4627]: TRAVEL: LODGING,2017-10-26,1238.35,,,,,,WASHINGTON,20004,TRAVEL,,http://docquery.fec.gov/cgi-bin/fecimg/?201801239090542872
C00571208,ONE GEORGIA PAC,TRUMP NATIONAL DORAL,FL,REIMBURSEMENT [SB21B.5587]: TRAVEL: LODGING,2018-01-11,360.47,,,,,,MIAMI,33178,TRAVEL,,http://docquery.fec.gov/cgi-bin/fecimg/?201803209096650311
C00401224,ACTBLUE,IMPEACH TRUMP PAC,DC,EARMARK CONTRIBUTION,2017-05-07,10,PRIMARY,2016,,,,WASHINGTON,20003,OTHER,"EARMARK OF CAVE, RUTHANN",http://docquery.fec.gov/cgi-bin/fecimg/?201711019082074175
C00003418,REPUBLICAN NATIONAL COMMITTEE,TRUMP INTERNATIONAL HOTEL,DC,VENUE RENTAL AND CATERING,2018-02-14,65395.92,,,,,,WASHINGTON,20004,ADMINISTRATIVE,VOID PAYMENT ORIG DISB 02/14/18,http://docquery.fec.gov/cgi-bin/fecimg/?201803209096669468
C00576173,KANSANS FOR MARSHALL,TRUMP INTERNATIONAL HOTEL,IL,TRAVEL,2017-05-17,370.98,,,,,,CHICAGO,60611,OTHER,AMEX 6/29,http://docquery.fec.gov/cgi-bin/fecimg/?201707159066705175
C00580100,"DONALD J. TRUMP FOR PRESIDENT, INC.",TRUMP INTERNATIONAL HOTEL LAS VEGAS,NV,AMEX: TRAVEL: LODGING [SB23.728519],2017-02-15,452.28,PRIMARY,2020,,,,LAS VEGAS,89109,TRAVEL,,http://docquery.fec.gov/cgi-bin/fecimg/?201712119089161786
C00580100,"DONALD J. TRUMP FOR PRESIDENT, INC.",TRUMP INTERNATIONAL HOTEL,DC,AMEX: TRAVEL: LODGING [SB23.728561],2017-03-09,313.24,PRIMARY,2020,,,,WASHINGTON,20004,TRAVEL,,http://docquery.fec.gov/cgi-bin/fecimg/?201712119089161783
C00580100,"DONALD J. TRUMP FOR PRESIDENT, INC.",TRUMP INTERNATIONAL HOTEL,DC,AMEX PMT [SB23.1179444]: TRAVEL: LODGING,2017-11-30,1376.63,PRIMARY,2020,,,,WASHINGTON,20004,TRAVEL,,http://docquery.fec.gov/cgi-bin/fecimg/?201804159108152091
C00618389,TRUMP VICTORY,"DONALD J. TRUMP FOR PRESIDENT, INC.",NY,TRANSFER OF NET PROCEEDS,2017-06-09,19429.78,GENERAL,2020,,,,NEW YORK,10022,TRANSFERS,,http://docquery.fec.gov/cgi-bin/fecimg/?201707159066692697
C00401224,ACTBLUE,IMPEACH TRUMP PAC,DC,EARMARK CONTRIBUTION,2017-05-14,1,PRIMARY,2016,,,,WASHINGTON,20003,OTHER,"EARMARK OF SCHWARZ, CATHERINE",http://docquery.fec.gov/cgi-bin/fecimg/?201711019082074187
C00580100,"DONALD J. TRUMP FOR PRESIDENT, INC.",TRUMP RESTAURANTS LLC,NY,RENT,2017-03-13,1000,PRIMARY,2020,,,,NEW YORK,10022,ADMINISTRATIVE,,http://docquery.fec.gov/cgi-bin/fecimg/?201707209067004932
C00629949,ALEX MOONEY FOR CONGRESS,TRUMP HOTEL BLT PRIME,DC,FOOD/BEVERAGE,2017-06-19,437.4,,,,,,WASHINGTON,20004,OTHER,,http://docquery.fec.gov/cgi-bin/fecimg/?201708229071116211
C00618389,TRUMP VICTORY,"DONALD J. TRUMP FOR PRESIDENT, INC.",NY,REIMBURSEMENT: TRAVEL: AIR,2017-06-13,1480477.34,,,,,,NEW YORK,10022,OTHER,,http://docquery.fec.gov/cgi-bin/fecimg/?201707159066692692
C00580100,"DONALD J. TRUMP FOR PRESIDENT, INC.",TRUMP TOWER COMMERCIAL LLC,NY,RENT,2017-08-01,37541.67,PRIMARY,2020,,,,HICKSVILLE,11802,ADMINISTRATIVE,,http://docquery.fec.gov/cgi-bin/fecimg/?201712119089173101
C00492140,AMERICAN BRIDGE 21ST CENTURY,"TRUMPOWER, CHRISTOPHER",DC,SALARY,2018-03-30,2865.01,,,TRUMPOWER,CHRISTOPHER,,WASHINGTON,200012621,ADMINISTRATIVE,*,http://docquery.fec.gov/cgi-bin/fecimg/?201804129107996987
C00580100,"DONALD J. TRUMP FOR PRESIDENT, INC.",TRUMP INTERNATIONAL HOTEL,DC,AMEX PMT [SB23.1179443]: TRAVEL: LODGING,2018-01-17,112.2,PRIMARY,2020,,,,WASHINGTON,20004,TRAVEL,,http://docquery.fec.gov/cgi-bin/fecimg/?201804159108152094
C00401224,ACTBLUE,IMPEACH TRUMP PAC,DC,EARMARK CONTRIBUTION,2017-05-21,3,PRIMARY,2016,,,,WASHINGTON,20003,OTHER,"EARMARK OF MARTIN, BETH",http://docquery.fec.gov/cgi-bin/fecimg/?201711019082074188
C00401224,ACTBLUE,IMPEACH TRUMP PAC,DC,EARMARK CONTRIBUTION,2017-02-26,5,PRIMARY,2016,,,,WASHINGTON,20003,OTHER,"EARMARK OF UNAH, LACIE",http://docquery.fec.gov/cgi-bin/fecimg/?201803099096392477
C00170258,NATIONAL ASSOCIATION OF MUTUAL INSURANCE COMPANIES PAC,TRUMP FOR SENATE,WV,VOID - CONTRIBUTION TO COMMITTEE,2017-07-20,-1000,PRIMARY,2018,,,,BERKELEY SPRINGS,254111588,OTHER,,http://docquery.fec.gov/cgi-bin/fecimg/?201708189070471147
C00401224,ACTBLUE,IMPEACH TRUMP PAC,DC,EARMARK CONTRIBUTION,2017-05-28,3,PRIMARY,2016,,,,WASHINGTON,20003,OTHER,"EARMARK OF BRESCIA, ALBA",http://docquery.fec.gov/cgi-bin/fecimg/?201711019082074188
C00401224,ACTBLUE,IMPEACH TRUMP PAC,DC,EARMARK CONTRIBUTION,2017-04-30,3,PRIMARY,2016,,,,WASHINGTON,20003,OTHER,"EARMARK OF PETERSON, JANET",http://docquery.fec.gov/cgi-bin/fecimg/?201711019080642350
C00401224,ACTBLUE,IMPEACH TRUMP PAC,DC,EARMARK CONTRIBUTION,2017-05-07,3,PRIMARY,2016,,,,WASHINGTON,20003,OTHER,"EARMARK OF KOVAL, PATRICIA",http://docquery.fec.gov/cgi-bin/fecimg/?201711019082074176
C00580100,"DONALD J. TRUMP FOR PRESIDENT, INC.",TRUMP INTERNATIONAL HOTEL,DC,AMEX PMT [SB23.1179442]: FACILITY RENTAL & CATERING SERVICES,2017-12-01,7600,PRIMARY,2020,,,,WASHINGTON,20004,ADMINISTRATIVE,,http://docquery.fec.gov/cgi-bin/fecimg/?201804159108152092
C00430462,BOB CORKER FOR SENATE 2018 INC,"TRUMP INTERNATIONAL HOTEL WASHINGTON, D.C.",DC,LODGING,2017-01-03,1051.8,PRIMARY,2018,,,,WASHINGTON,200042501,TRAVEL,,http://docquery.fec.gov/cgi-bin/fecimg/?201704200200124333
C00580100,"DONALD J. TRUMP FOR PRESIDENT, INC.",TRUMP INTERNATIONAL HOTEL,DC,AMEX: TRAVEL: LODGING [SB23.924301],2017-07-10,1591.56,PRIMARY,2020,,,,WASHINGTON,20004,TRAVEL,,http://docquery.fec.gov/cgi-bin/fecimg/?201712119089173098
C00373001,CITIZENS FOR TURNER,TRUMP INTERNATIONAL HOTEL DC,DC,MEETING FOOD AND BEVERAGE,2017-09-15,53.1,PRIMARY,2018,,,,WASHINGTON,200042501,OTHER,,http://docquery.fec.gov/cgi-bin/fecimg/?201711059086608697
C00650374,STEWART FOR SENATE INC,TRUMP INTERNATIONAL HOTEL,DC,MEETING EXPENSE - MEALS,2017-10-10,76.8,PRIMARY,2018,,,,WASHINGTON,200042501,TRAVEL,,http://docquery.fec.gov/cgi-bin/fecimg/?201802050200113283
C00492140,AMERICAN BRIDGE 21ST CENTURY,"TRUMPOWER, CHRISTOPHER",DC,SALARY,2017-10-31,2264.17,,,TRUMPOWER,CHRISTOPHER,,WASHINGTON,200012621,ADMINISTRATIVE,*,http://docquery.fec.gov/cgi-bin/fecimg/?201804129107995868
C00580100,"DONALD J. TRUMP FOR PRESIDENT, INC.",TRUMP INTERNATIONAL HOTEL,DC,AMEX PMT [SB23.1179443]: MEETING EXPENSE: MEALS,2018-01-31,29.2,PRIMARY,2020,,,,WASHINGTON,20004,TRAVEL,,http://docquery.fec.gov/cgi-bin/fecimg/?201804159108152094
C00401224,ACTBLUE,IMPEACH TRUMP PAC,DC,EARMARK CONTRIBUTION,2017-05-14,25,PRIMARY,2016,,,,WASHINGTON,20003,OTHER,"EARMARK OF ALLEN, CHERYL",http://docquery.fec.gov/cgi-bin/fecimg/?201711019082074185
C00580100,"DONALD J. TRUMP FOR PRESIDENT, INC.",THE TRUMP CORPORATION,NY,LEGAL CONSULTING,2018-03-12,16112,PRIMARY,2020,,,,NEW YORK,10022,OTHER,,http://docquery.fec.gov/cgi-bin/fecimg/?201804159108152085
C00580100,"DONALD J. TRUMP FOR PRESIDENT, INC.",TRUMP INTERNATIONAL HOTEL,DC,AMEX PMT [SB23.1179443]: TRAVEL: LODGING,2018-02-03,11,PRIMARY,2020,,,,WASHINGTON,20004,TRAVEL,,http://docquery.fec.gov/cgi-bin/fecimg/?201804159108152096
C00401224,ACTBLUE,IMPEACH TRUMP PAC,DC,EARMARK CONTRIBUTION,2017-04-30,15,PRIMARY,2016,,,,WASHINGTON,20003,OTHER,"EARMARK OF DUGAN, PATRICIA",http://docquery.fec.gov/cgi-bin/fecimg/?201711019080642345
C00401224,ACTBLUE,IMPEACH TRUMP PAC,DC,EARMARK CONTRIBUTION,2017-04-30,5,PRIMARY,2016,,,,WASHINGTON,20003,OTHER,"EARMARK OF FRICKER, ELISABETH",http://docquery.fec.gov/cgi-bin/fecimg/?201711019080642337
C00003418,REPUBLICAN NATIONAL COMMITTEE,TRUMP INTERNATIONAL HOTEL WDC,DC,CATERING/FOOD AND BEVERAGES,2017-05-19,55.2,,,,,,WASHINGTON,20004,FUNDRAISING,,http://docquery.fec.gov/cgi-bin/fecimg/?201712269090335579
C00618371,TRUMP MAKE AMERICA GREAT AGAIN COMMITTEE,"DONALD J. TRUMP FOR PRESIDENT, INC.",NY,TRANSFER OF NET PROCEEDS,2017-12-29,31837.12,GENERAL,2020,,,,NEW YORK,10022,TRANSFERS,,http://docquery.fec.gov/cgi-bin/fecimg/?201801319091159287
C00540104,THE COCA-COLA BOTTLING CO. CONSOLIDATED EMPLOYEE COMMITTEE FOR GOOD GOVERNMENT (CCBCC PAC),TRUMP FOR STATE SENATE,WV,NONFEDERAL CONTRIBUTION,2018-02-15,1000,,,,,,BERKELEY SPRINGS,25411,OTHER,,http://docquery.fec.gov/cgi-bin/fecimg/?201804069104166440
C00580100,"DONALD J. TRUMP FOR PRESIDENT, INC.",TRUMP INTERNATIONAL HOTEL,DC,AMEX: TRAVEL: LODGING [SB23.924299],2017-05-25,588.21,PRIMARY,2020,,,,WASHINGTON,20004,TRAVEL,,http://docquery.fec.gov/cgi-bin/fecimg/?201712119089173097
C00492140,AMERICAN BRIDGE 21ST CENTURY,"TRUMPOWER, CHRISTOPHER",DC,SALARY,2017-11-28,1929.27,,,TRUMPOWER,CHRISTOPHER,,WASHINGTON,200012621,ADMINISTRATIVE,*,http://docquery.fec.gov/cgi-bin/fecimg/?201804129107995994
C00503094,MEADOWS FOR CONGRESS,TRUMP INTERNATIONAL HOTEL - WASHINGTON DC,DC,LODGING,2017-12-07,688.6,PRIMARY,2018,,,,WASHINGTON,20004,TRAVEL,LODGING,http://docquery.fec.gov/cgi-bin/fecimg/?201801319091036037
C00580100,"DONALD J. TRUMP FOR PRESIDENT, INC.",THE TRUMP INTL HOTEL,DC,AMEX PMT [SB23.925529]: TRAVEL: LODGING,2017-10-19,1251.32,PRIMARY,2020,,,,WASHINGTON,20004,TRAVEL,,http://docquery.fec.gov/cgi-bin/fecimg/?201804129108005231
C00401224,ACTBLUE,IMPEACH TRUMP PAC,DC,EARMARK CONTRIBUTION,2017-03-19,10,PRIMARY,2016,,,,WASHINGTON,20003,OTHER,"EARMARK OF HOCH, YANA",http://docquery.fec.gov/cgi-bin/fecimg/?201711019079632554
C00401224,ACTBLUE,IMPEACH TRUMP LEADERSHIP PAC,CA,EARMARK CONTRIBUTION,2017-02-26,25,PRIMARY,2016,,,,LAGUNA BEACH,92651,OTHER,"EARMARK OF VEIRS, DELANA",http://docquery.fec.gov/cgi-bin/fecimg/?201803099096392476
C00401224,ACTBLUE,IMPEACH TRUMP PAC,DC,EARMARK CONTRIBUTION,2017-04-30,5,PRIMARY,2016,,,,WASHINGTON,20003,OTHER,"EARMARK OF YOUNG, KATHY",http://docquery.fec.gov/cgi-bin/fecimg/?201711019080642342
C00618371,TRUMP MAKE AMERICA GREAT AGAIN COMMITTEE,"DONALD J. TRUMP FOR PRESIDENT, INC.",NY,TRANSFER OF NET PROCEEDS,2017-12-29,332401.03,PRIMARY,2020,,,,NEW YORK,10022,TRANSFERS,,http://docquery.fec.gov/cgi-bin/fecimg/?201801319091159287
C00401224,ACTBLUE,IMPEACH TRUMP PAC,DC,EARMARK CONTRIBUTION,2017-04-30,3,PRIMARY,2016,,,,WASHINGTON,20003,OTHER,"EARMARK OF LITTLEJOHN, ALLEN",http://docquery.fec.gov/cgi-bin/fecimg/?201711019080642348
C00373001,CITIZENS FOR TURNER,TRUMP INTERNATIONAL HOTEL DC,DC,MEETING FOOD AND BEVERAGE,2017-08-15,275.9,PRIMARY,2018,,,,WASHINGTON,200042501,OTHER,,http://docquery.fec.gov/cgi-bin/fecimg/?201711059086608693
C00401224,ACTBLUE,IMPEACH TRUMP LEADERSHIP PAC,CA,EARMARK CONTRIBUTION,2017-03-26,25,PRIMARY,2016,,,,LAGUNA BEACH,92651,OTHER,"EARMARK OF HERNANDEZ, JUAN",http://docquery.fec.gov/cgi-bin/fecimg/?201711019079632554
C00581330,CARLA SPALDING FOR CONGRESS,TRUMPETTES USA,FL,EVENT SPONSORSHIP,2017-12-12,300,PRIMARY,2018,,,,PALM BEACH,33480,OTHER,,http://docquery.fec.gov/cgi-bin/fecimg/?201804019097934556
C00650374,STEWART FOR SENATE INC,TRUMP INTERNATIONAL HOTEL,DC,MEETING EXPENSE - MEALS,2017-10-30,309.6,PRIMARY,2018,,,,WASHINGTON,200042501,TRAVEL,,http://docquery.fec.gov/cgi-bin/fecimg/?201802050200113288
C00401224,ACTBLUE,IMPEACH TRUMP PAC,DC,,,,,,,,,,,,,
C00618876,REBUILDING AMERICA NOW,TRUMP OLD POST OFFICE,DC,FOOD/BEVERAGE,2017-01-03,70.3,GENERAL,2018,,,,WASHINGTON,20004,OTHER,,http://docquery.fec.gov/cgi-bin/fecimg/?201707319069917488
C00093054,WALMART INC. PAC FOR RESPONSIBLE GOVERNMENT,COMMITTEE TO ELECT CHARLES TRUMP IV,WV,NONFEDERAL CONTRIBUTION,2017-12-11,500,,,,,,BERKELEY SPRINGS,25411,OTHER,,http://docquery.fec.gov/cgi-bin/fecimg/?201801249090609418
C00401224,ACTBLUE,IMPEACH TRUMP PAC,DC,EARMARK CONTRIBUTION,2017-05-14,25,PRIMARY,2016,,,,WASHINGTON,20003,OTHER,"EARMARK OF AVALOS, LORI",http://docquery.fec.gov/cgi-bin/fecimg/?201711019082074179
C00016683,PFIZER INC. PAC,COMMITTEE TO ELECT CHARLES TRUMP,WV,NONFEDERAL CONTRIBUTION,2017-08-30,1000,,,,,,BERKELEY SPRINGS,25411,OTHER,,http://docquery.fec.gov/cgi-bin/fecimg/?201710129075621372
C00401224,ACTBLUE,IMPEACH TRUMP PAC,DC,EARMARK CONTRIBUTION,2017-04-30,3,PRIMARY,2016,,,,WASHINGTON,20003,OTHER,"EARMARK OF NOBLE, DARLENE",http://docquery.fec.gov/cgi-bin/fecimg/?201711019080642343
C00477323,PALAZZO FOR CONGRESS,BLT PRIME TRUMP,DC,STAFF TRAVEL,2017-11-27,394.2,PRIMARY,2018,,,,WASHINGTON,20004,OTHER,,http://docquery.fec.gov/cgi-bin/fecimg/?201801319091218656
C00492140,AMERICAN BRIDGE 21ST CENTURY,"TRUMPOWER, CHRISTOPHER",DC,SALARY,2017-05-12,1637.17,,,TRUMPOWER,CHRISTOPHER,,WASHINGTON,200012621,ADMINISTRATIVE,*,http://docquery.fec.gov/cgi-bin/fecimg/?201707299069852956
C00003418,REPUBLICAN NATIONAL COMMITTEE,TRUMP INTERNATIONAL HOTEL WDC,DC,CATERING/FOOD AND BEVERAGES,2017-07-19,954,,,,,,WASHINGTON,20004,FUNDRAISING,,http://docquery.fec.gov/cgi-bin/fecimg/?201709199074787661
C00464339,DUFFY FOR WISCONSIN,TRUMP INTERNATIONAL HOTEL,DC,FOOD/BEVERAGE,2017-10-16,290.3,,,,,,WASHINGTON,20004,OTHER,,http://docquery.fec.gov/cgi-bin/fecimg/?201801319091215488
C00140855,FIRSTENERGY CORP. POLITICAL ACTION COMMITTEE,TRUMP FOR SENATE,WV,VOID - TRUMP FOR SENATE,2017-12-18,-1000,,,,,,BERKELEY SPRINGS,25411,OTHER,VOID - TRUMP FOR SENATE,http://docquery.fec.gov/cgi-bin/fecimg/?201801319091107504
C00580100,"DONALD J. TRUMP FOR PRESIDENT, INC.",TRUMP INTERNATIONAL HOTEL,DC,AMEX: TRAVEL: LODGING [SB23.728561],2017-04-05,1133.56,PRIMARY,2020,,,,WASHINGTON,20004,TRAVEL,,http://docquery.fec.gov/cgi-bin/fecimg/?201712119089161784
C00618389,TRUMP VICTORY,"DONALD J. TRUMP FOR PRESIDENT, INC.",NY,TRANSFER OF NET PROCEEDS,2017-09-29,188407.5,GENERAL,2020,,,,NEW YORK,10022,TRANSFERS,,http://docquery.fec.gov/cgi-bin/fecimg/?201710159075692767
C00401224,ACTBLUE,IMPEACH TRUMP PAC,DC,EARMARK CONTRIBUTION,2017-06-11,5,PRIMARY,2016,,,,WASHINGTON,20003,OTHER,"EARMARK OF ROCKWELL, DAVID",http://docquery.fec.gov/cgi-bin/fecimg/?201711029083181681
C00009282,NORFOLK SOUTHERN CORPORATION GOOD GOVERNMENT FUND,CMTE TO ELECT CHARLES TRUMP,WV,P-2018 STATE SENATE 15 WV,2018-02-12,1000,PRIMARY,2018,,,,BERKELEY SPRINGS,25411,OTHER,,http://docquery.fec.gov/cgi-bin/fecimg/?201803199096599446
C00639724,BOBBY LAWRENCE FOR US SENATE,WOMEN FOR TRUMP ERIE PA,PA,EVENT-CATERING,2017-06-25,1100,PRIMARY,2018,,,,ERIE,16511,FUNDRAISING,,http://docquery.fec.gov/cgi-bin/fecimg/?201710180200332560
C00401224,ACTBLUE,IMPEACH TRUMP PAC,DC,EARMARK CONTRIBUTION,2017-05-14,3,PRIMARY,2016,,,,WASHINGTON,20003,OTHER,"EARMARK OF DAHL, JILL",http://docquery.fec.gov/cgi-bin/fecimg/?201711019082074181
C00580100,"DONALD J. TRUMP FOR PRESIDENT, INC.",TRUMP INTERNATIONAL HOTEL,DC,AMEX PMT [SB23.1179444]: MEETING EXPENSE: MEALS,2017-11-13,16.1,PRIMARY,2020,,,,WASHINGTON,20004,TRAVEL,,http://docquery.fec.gov/cgi-bin/fecimg/?201804159108152090
C00635235,GIANFORTE VICTORY FUND,"TRUMP, DONALD JR",NY,REIMBURSEMENT (SEE BELOW),2017-08-30,468.55,,,TRUMP,DONALD,,NEW YORK,10022,OTHER,,http://docquery.fec.gov/cgi-bin/fecimg/?201801209090501284
C00401224,ACTBLUE,IMPEACH TRUMP PAC,DC,EARMARK CONTRIBUTION,2017-04-30,5,PRIMARY,2016,,,,WASHINGTON,20003,OTHER,"EARMARK OF DEMARIS, DAVE",http://docquery.fec.gov/cgi-bin/fecimg/?201711019080642344
C00401224,ACTBLUE,IMPEACH TRUMP PAC,DC,EARMARK CONTRIBUTION,2017-05-14,5,PRIMARY,2016,,,,WASHINGTON,20003,OTHER,"EARMARK OF KANGAS, NANCY",http://docquery.fec.gov/cgi-bin/fecimg/?201711019082074184
C00580100,"DONALD J. TRUMP FOR PRESIDENT, INC.",TRUMP RESTAURANTS LLC,NY,RENT,2017-04-26,1000,PRIMARY,2020,,,,NEW YORK,10022,ADMINISTRATIVE,,http://docquery.fec.gov/cgi-bin/fecimg/?201712119089161787
C00580100,"DONALD J. TRUMP FOR PRESIDENT, INC.",TRUMP TOWER COMMERCIAL LLC,NY,RENT,2017-01-10,75123.75,PRIMARY,2020,,,,HICKSVILLE,11802,ADMINISTRATIVE,,http://docquery.fec.gov/cgi-bin/fecimg/?201707209067004932
C00580100,"DONALD J. TRUMP FOR PRESIDENT, INC.",THE TRUMP CORPORATION,NY,LEGAL CONSULTING,2017-12-11,9510,PRIMARY,2020,,,,NEW YORK,10022,OTHER,,http://docquery.fec.gov/cgi-bin/fecimg/?201804129108005229
C00108209,"DOMINION ENERGY, INC. POLITICAL ACTION COMMITTEE - DOMINION PAC",TRUMP FOR SENATE,WV,"CHARLES TRUMP, STATE SENATE 15TH WV",2017-12-07,1000,,,,,,BERKELEY SPRINGS,25411,OTHER,"CHARLES TRUMP, STATE SENATE 15TH WV",http://docquery.fec.gov/cgi-bin/fecimg/?201801229090507275
C00580100,"DONALD J. TRUMP FOR PRESIDENT, INC.",THE TRUMP INTL HOTEL,DC,AMEX PMT [SB23.925528]: TRAVEL: LODGING,2017-09-08,1820.56,PRIMARY,2020,,,,WASHINGTON,20004,TRAVEL,,http://docquery.fec.gov/cgi-bin/fecimg/?201804129108005229
C00003418,REPUBLICAN NATIONAL COMMITTEE,TRUMP NATIONAL DORAL MIAMI,FL,VENUE RENTAL AND CATERING,2018-02-14,117155.17,,,,,,MIAMI,33178,ADMINISTRATIVE,,http://docquery.fec.gov/cgi-bin/fecimg/?201803209096669468
C00003418,REPUBLICAN NATIONAL COMMITTEE,TRUMP INTERNATIONAL HOTEL,DC,CATERING/FOOD AND BEVERAGES,2017-12-06,173.2,,,,,,WASHINGTON,20004,FUNDRAISING,,http://docquery.fec.gov/cgi-bin/fecimg/?201802139094563358
C00401224,ACTBLUE,IMPEACH TRUMP PAC,DC,EARMARK CONTRIBUTION,2017-04-30,25,PRIMARY,2016,,,,WASHINGTON,20003,OTHER,"EARMARK OF CARTER, MARTHA",http://docquery.fec.gov/cgi-bin/fecimg/?201711019080642350
C00401224,ACTBLUE,IMPEACH TRUMP PAC,DC,EARMARK CONTRIBUTION,2017-04-30,5,PRIMARY,2016,,,,WASHINGTON,20003,OTHER,"EARMARK OF CHICIAK, LAURA",http://docquery.fec.gov/cgi-bin/fecimg/?201711019080642336
C00580100,"DONALD J. TRUMP FOR PRESIDENT, INC.",THE TRUMP CORPORATION,NY,VOIDED CHECK: SERVICES NOT RENDERED,2017-02-21,-428.53,GENERAL,2016,,,,NEW YORK,10022,OTHER,,http://docquery.fec.gov/cgi-bin/fecimg/?201707209067004914
C00401224,ACTBLUE,IMPEACH TRUMP PAC,DC,EARMARK CONTRIBUTION,2017-05-14,25,PRIMARY,2016,,,,WASHINGTON,20003,OTHER,"EARMARK OF ANDERSON, PATRICIA",http://docquery.fec.gov/cgi-bin/fecimg/?201711019082074178
C00401224,ACTBLUE,IMPEACH TRUMP PAC,DC,EARMARK CONTRIBUTION,2017-05-07,3,PRIMARY,2016,,,,WASHINGTON,20003,OTHER,"EARMARK OF PETERSON, JUSTIN",http://docquery.fec.gov/cgi-bin/fecimg/?201711019082074176
C00003418,REPUBLICAN NATIONAL COMMITTEE,TRUMP INTERNATIONAL HOTEL,DC,CATERING/FOOD AND BEVERAGES,2017-03-01,396,,,,,,WASHINGTON,20004,FUNDRAISING,,http://docquery.fec.gov/cgi-bin/fecimg/?201704209052369612
C00224691,ROHRABACHER FOR CONGRESS,TRUMP INTERNATIONAL HOTEL,DC,EVENT ROOM & CATERING COSTS,2017-05-31,4175,PRIMARY,2018,,,,WASHINGTON,20004,FUNDRAISING,,http://docquery.fec.gov/cgi-bin/fecimg/?201707159066679641
C00524603,KEEP AMERICA ROLLING PAC,TRUMP INTERNATIONAL HOTEL,DC,EVENT EXPENSE,2017-01-24,1203.8,PRIMARY,2018,,,,WASHINGTON,20004,MATERIALS,,http://docquery.fec.gov/cgi-bin/fecimg/?201704159052274847
C00631382,BOLD CONSERVATIVES PAC,TRUMP INTERNATIONAL HOTEL,DC,LODGING FOR VOLUNTEERS,2017-03-01,874.4,,,,,,WASHINGTON,20004,TRAVEL,,http://docquery.fec.gov/cgi-bin/fecimg/?201709289075532308
C00151175,EQT CORPORATION PAC,TRUMP FOR SENATE,WV,DIRECT CONTRIBUTION,2017-12-20,1000,,,,,,BERKELEY SPRINGS,25411,OTHER,DIRECT CONTRIBUTION,http://docquery.fec.gov/cgi-bin/fecimg/?201801299090879132
C00580100,"DONALD J. TRUMP FOR PRESIDENT, INC.",TRUMP INTERNATIONAL HOTEL,DC,AMEX PMT [SB23.1179444]: MEETING EXPENSE: MEALS,2017-11-30,45.4,PRIMARY,2020,,,,WASHINGTON,20004,TRAVEL,,http://docquery.fec.gov/cgi-bin/fecimg/?201804159108152091
C00003418,REPUBLICAN NATIONAL COMMITTEE,TRUMP INTERNATIONAL HOTEL WDC,DC,TRAVEL EXPENSES,2017-10-17,300,,,,,,WASHINGTON,20004,MATERIALS,,http://docquery.fec.gov/cgi-bin/fecimg/?201802139094552868
C00200865,ROYCE CAMPAIGN COMMITTEE,"TRUMP, JULIUS",FL,,2018-02-21,1000,GENERAL,2018,TRUMP,JULIUS,,SUNNY ISLES BEACH,331602718,REFUNDS,,http://docquery.fec.gov/cgi-bin/fecimg/?201804159108097609
C00167668,ARCH COAL INC. POLITICAL ACTION COMMITTEE (ARCHPAC),COMMITTEE TO ELECT CHARLES TRUMP,WV,"CHARLES TRUMP, STATE SENATE 17TH WV",2018-01-19,500,,,,,,BERKELEY,25411,OTHER,"CHARLES TRUMP, STATE SENATE 17TH WV",http://docquery.fec.gov/cgi-bin/fecimg/?201804109105543423
C00492140,AMERICAN BRIDGE 21ST CENTURY,"TRUMPOWER, CHRISTOPHER",DC,SALARY,2017-06-15,1517.88,,,TRUMPOWER,CHRISTOPHER,,WASHINGTON,200012621,ADMINISTRATIVE,*,http://docquery.fec.gov/cgi-bin/fecimg/?201707299069852880
C00492140,AMERICAN BRIDGE 21ST CENTURY,"TRUMPOWER, CHRISTOPHER",DC,SALARY,2017-04-30,2058.74,,,TRUMPOWER,CHRISTOPHER,,WASHINGTON,200012621,ADMINISTRATIVE,*,http://docquery.fec.gov/cgi-bin/fecimg/?201707299069852736
C00401224,ACTBLUE,IMPEACH TRUMP PAC,DC,EARMARK CONTRIBUTION,2017-05-07,1,PRIMARY,2016,,,,WASHINGTON,20003,OTHER,"EARMARK OF DURANT, MICHAEL",http://docquery.fec.gov/cgi-bin/fecimg/?201711019082074174
C00401224,ACTBLUE,IMPEACH TRUMP PAC,DC,EARMARK CONTRIBUTION,2017-05-07,10,PRIMARY,2016,,,,WASHINGTON,20003,OTHER,"EARMARK OF DESLAURIER, JODELL",http://docquery.fec.gov/cgi-bin/fecimg/?201711019082074175
C00401224,ACTBLUE,IMPEACH TRUMP PAC,DC,EARMARK CONTRIBUTION,2017-04-30,3,PRIMARY,2016,,,,WASHINGTON,20003,OTHER,"EARMARK OF TOE, BETTY",http://docquery.fec.gov/cgi-bin/fecimg/?201711019080642343
C00592048,OMAR NAVARRO FOR CONGRESS,TRUMP NATIONAL GOLF COURSE,CA,FEE,2017-10-23,9.45,PRIMARY,2018,,,,RANCHO PALOS VERDES,90275,OTHER,,http://docquery.fec.gov/cgi-bin/fecimg/?201801319091316997
C00401224,ACTBLUE,IMPEACH TRUMP PAC,DC,EARMARK CONTRIBUTION,2017-04-30,3,PRIMARY,2016,,,,WASHINGTON,20003,OTHER,"EARMARK OF CHANG, JUNG",http://docquery.fec.gov/cgi-bin/fecimg/?201711019080642353
C00592048,OMAR NAVARRO FOR CONGRESS,TRUMP NATIONAL GOLF COURSE,CA,MEALS,2017-08-02,9.46,PRIMARY,2018,,,,RANCHO PALOS VERDES,90275,TRAVEL,,http://docquery.fec.gov/cgi-bin/fecimg/?201710159075749957
C00499392,VALADAO FOR CONGRESS,BLT TRUMP INTERNATIONAL,DC,FUNDRAISING EVENT,2017-03-09,1744.3,PRIMARY,2018,,,,WASHINGTON,20004,FUNDRAISING,MEMO: SUBVENDOR OF-CHASE - VISA,http://docquery.fec.gov/cgi-bin/fecimg/?201704149052238618
C00492140,AMERICAN BRIDGE 21ST CENTURY,"TRUMPOWER, CHRISTOPHER",DC,SALARY,2017-09-28,1917.59,,,TRUMPOWER,CHRISTOPHER,,WASHINGTON,200012621,ADMINISTRATIVE,*,http://docquery.fec.gov/cgi-bin/fecimg/?201804129107995737
C00075820,NRCC,TRUMP INTERNATIONAL HOTEL,DC,TRAVEL,2017-04-05,701.25,,,,,,WASHINGTON,20004,OTHER,,http://docquery.fec.gov/cgi-bin/fecimg/?201712209089302318
C00401224,ACTBLUE,IMPEACH TRUMP PAC,DC,EARMARK CONTRIBUTION,2017-03-31,5,PRIMARY,2016,,,,WASHINGTON,20003,OTHER,"EARMARK OF VANGENNEP, DANIELLA",http://docquery.fec.gov/cgi-bin/fecimg/?201711019079632554
C00580100,"DONALD J. TRUMP FOR PRESIDENT, INC.",THE TRUMP INTL HOTEL,DC,AMEX PMT [SB23.925528]: TRAVEL: LODGING,2017-09-14,253.44,PRIMARY,2020,,,,WASHINGTON,20004,TRAVEL,,http://docquery.fec.gov/cgi-bin/fecimg/?201804129108005230
C00401224,ACTBLUE,IMPEACH TRUMP PAC,DC,EARMARK CONTRIBUTION,2017-05-07,3,PRIMARY,2016,,,,WASHINGTON,20003,OTHER,"EARMARK OF ZWERDLING, ALEX",http://docquery.fec.gov/cgi-bin/fecimg/?201711019082074175
C00618389,TRUMP VICTORY,"DONALD J. TRUMP FOR PRESIDENT, INC.",NY,TRANSFER OF NET PROCEEDS,2017-06-16,37933.16,GENERAL,2020,,,,NEW YORK,10022,TRANSFERS,,http://docquery.fec.gov/cgi-bin/fecimg/?201707159066692698
C00492140,AMERICAN BRIDGE 21ST CENTURY,"TRUMPOWER, CHRISTOPHER",DC,SALARY,2018-02-28,1872.02,,,TRUMPOWER,CHRISTOPHER,,WASHINGTON,200012621,ADMINISTRATIVE,*,http://docquery.fec.gov/cgi-bin/fecimg/?201804129107996833
C00637512,"AMERICA FIRST ACTION, INC.",TRUMP INTERNATIONAL HOTEL,DC,EVENT EXPENSE: FACILITY RENTAL AND CATERING,2017-11-17,3750,,,,,,WASHINGTON,20004,ADMINISTRATIVE,,http://docquery.fec.gov/cgi-bin/fecimg/?201801239090542873
C00401224,ACTBLUE,IMPEACH TRUMP PAC,DC,EARMARK CONTRIBUTION,2017-04-16,3,PRIMARY,2016,,,,WASHINGTON,20003,OTHER,"EARMARK OF MARTINEZ, MARIA",http://docquery.fec.gov/cgi-bin/fecimg/?201711019080642335
C00631382,BOLD CONSERVATIVES PAC,TRUMP INTERNATIONAL HOTEL,DC,BEVERAGES FOR VOLUNTEERS,2017-03-01,22.8,,,,,,WASHINGTON,20004,OTHER,,http://docquery.fec.gov/cgi-bin/fecimg/?201709289075532307
C00224691,ROHRABACHER FOR CONGRESS,TRUMP INTERNATIONAL HOTEL,DC,EVENT ROOM & EVENT SUPPLIES,2017-07-06,572.5,PRIMARY,2018,,,,WASHINGTON,20004,OTHER,,http://docquery.fec.gov/cgi-bin/fecimg/?201710159075726757
C00121368,EXXON MOBIL CORPORATION POLITICAL ACTION COMMITTEE (EXXONMOBIL PAC),COMMITTEE TO ELECT CHARLES S. TRUMP IV,WV,CAMPAIGN CONTRIBUTION,2017-10-25,500,PRIMARY,2018,,,,MARTINSBURG,25401,OTHER,,http://docquery.fec.gov/cgi-bin/fecimg/?201711179086702738
C00401224,ACTBLUE,IMPEACH TRUMP PAC,DC,EARMARK CONTRIBUTION,2017-05-14,3,PRIMARY,2016,,,,WASHINGTON,20003,OTHER,"EARMARK OF TALBOT-TURNER, PATTI",http://docquery.fec.gov/cgi-bin/fecimg/?201711019082074184
C00629949,ALEX MOONEY FOR CONGRESS,TRUMP HOTEL BLT PRIME,DC,FOOD/BEVERAGE,2017-11-20,103.6,,,,,,WASHINGTON,20004,OTHER,,http://docquery.fec.gov/cgi-bin/fecimg/?201801249090607215
C00109017,AT&T INC. FEDERAL POLITICAL ACTION COMMITTEE (AT&T FEDERAL PAC),COMMITTEE TO ELECT CHARLES S. TRUMP IV,WV,"CHARLES TRUMP, STATE SENATE 15TH WV",2017-11-03,500,,,,,,BERKELEY SPRINGS,25411,OTHER,"CHARLES TRUMP, STATE SENATE 15TH WV",http://docquery.fec.gov/cgi-bin/fecimg/?201712159089204700
C00580100,"DONALD J. TRUMP FOR PRESIDENT, INC.",TRUMP PLAZA LLC,NY,RENT,2018-01-18,3850,PRIMARY,2020,,,,NEW YORK,10022,ADMINISTRATIVE,,http://docquery.fec.gov/cgi-bin/fecimg/?201804159108152097
C00492140,AMERICAN BRIDGE 21ST CENTURY,"TRUMPOWER, CHRISTOPHER",DC,SALARY,2018-02-14,2882.26,,,TRUMPOWER,CHRISTOPHER,,WASHINGTON,200012621,ADMINISTRATIVE,*,http://docquery.fec.gov/cgi-bin/fecimg/?201804129107996943
C00492140,AMERICAN BRIDGE 21ST CENTURY,"TRUMPOWER, CHRISTOPHER",DC,SALARY,2017-08-14,1320.45,,,TRUMPOWER,CHRISTOPHER,,WASHINGTON,200012621,ADMINISTRATIVE,*,http://docquery.fec.gov/cgi-bin/fecimg/?201804129107996405
C00658401,GREG PENCE FOR CONGRESS,TRUMP INTERNATIONAL HOTEL,DC,LODGING EXPENSE - PD BY G. PENCE,2017-11-27,1525.46,,,,,,WASHINGTON,20004,TRAVEL,,http://docquery.fec.gov/cgi-bin/fecimg/?201802219095501655
C00003418,REPUBLICAN NATIONAL COMMITTEE,TRUMP INTERNATIONAL HOTEL WDC,DC,VENUE RENTAL AND CATERING,2017-08-19,46965.74,,,,,,WASHINGTON,20004,ADMINISTRATIVE,,http://docquery.fec.gov/cgi-bin/fecimg/?201712299090344377
C00003418,REPUBLICAN NATIONAL COMMITTEE,TRUMP HOTELS,NY,TRAVEL EXPENSES,2018-01-24,1278.13,,,,,,NEW YORK,10022,MATERIALS,,http://docquery.fec.gov/cgi-bin/fecimg/?201802209094628950
C00618371,TRUMP MAKE AMERICA GREAT AGAIN COMMITTEE,TRUMP INTERNATIONAL HOTEL,DC,CREDIT CARD PMT [SB21B.750867]: TRAVEL: LODGING,2017-07-13,1145,,,,,,WASHINGTON,20004,TRAVEL,,http://docquery.fec.gov/cgi-bin/fecimg/?201710159075691788
C00640664,GREAT AMERICA COMMITTEE,DONALD J. TRUMP FOR PRESIDENT INC.,NY,CONTRIBUTION,2017-05-25,2700,PRIMARY,2020,,,,NEW YORK,10022,CONTRIBUTIONS,,http://docquery.fec.gov/cgi-bin/fecimg/?201707319069878406
C00618371,TRUMP MAKE AMERICA GREAT AGAIN COMMITTEE,"DONALD J. TRUMP FOR PRESIDENT, INC.",NY,WEB DEVELOPMENT/HOSTING FEES REIMBURSEMENT,2017-09-29,92146.67,,,,,,NEW YORK,10022,OTHER,,http://docquery.fec.gov/cgi-bin/fecimg/?201710159075691762
C00401224,ACTBLUE,IMPEACH TRUMP PAC,DC,EARMARK CONTRIBUTION,2017-05-14,5,PRIMARY,2016,,,,WASHINGTON,20003,OTHER,"EARMARK OF HILYER, LISA",http://docquery.fec.gov/cgi-bin/fecimg/?201711019082074185
C00640664,GREAT AMERICA COMMITTEE,TRUMP INTERNATIONAL HOTEL,DC,FACILITY RENTAL/FOOD AND BEVERAGE,2018-01-17,23675,,,,,,WASHINGTON,20004,ADMINISTRATIVE,,http://docquery.fec.gov/cgi-bin/fecimg/?201802209094614037
C00632323,KANSAS LEADERSHIP PAC,TRUMP INTERNATIONAL HOTEL,IL,FOOD/BEVERAGE,2018-03-21,1113.4,,,,,,CHICAGO,60611,OTHER,,http://docquery.fec.gov/cgi-bin/fecimg/?201804119106276297
C00580100,"DONALD J. TRUMP FOR PRESIDENT, INC.",TRUMP TOWER COMMERCIAL LLC,NY,RENT,2017-07-25,39816.67,PRIMARY,2020,,,,HICKSVILLE,11802,ADMINISTRATIVE,,http://docquery.fec.gov/cgi-bin/fecimg/?201712119089173101
C00401224,ACTBLUE,IMPEACH TRUMP PAC,DC,EARMARK CONTRIBUTION,2017-04-30,3,PRIMARY,2016,,,,WASHINGTON,20003,OTHER,"EARMARK OF CALABRESE, JOHN",http://docquery.fec.gov/cgi-bin/fecimg/?201711019080642345
C00646927,MACARTHUR VICTORY,TRUMP NATIONAL GOLF CLUB,NJ,VENUE RENTAL/CATERING,2017-06-28,15221.1,,,,,,BEDMINISTER,7921,ADMINISTRATIVE,,http://docquery.fec.gov/cgi-bin/fecimg/?201707159066695579
C00401224,ACTBLUE,IMPEACH TRUMP LEADERSHIP PAC,CA,EARMARK CONTRIBUTION,2017-04-30,25,PRIMARY,2016,,,,LAGUNA BEACH,92651,OTHER,"EARMARK OF VEIRS, DELANA",http://docquery.fec.gov/cgi-bin/fecimg/?201711019080642334
C00433524,DUNCAN D. HUNTER FOR CONGRESS,TRUMP INTERNATIONAL HOTEL RESTAURANT,DC,FOOD/BEVERAGES,2017-12-26,327.6,,,,,,WASHINGTON,20004,OTHER,CC 02-18,http://docquery.fec.gov/cgi-bin/fecimg/?201804159108219234
C00401224,ACTBLUE,IMPEACH TRUMP PAC,DC,EARMARK CONTRIBUTION,2017-05-07,25,PRIMARY,2016,,,,WASHINGTON,20003,OTHER,"EARMARK OF EVANS, MORGAN",http://docquery.fec.gov/cgi-bin/fecimg/?201711019082074173
C00637512,"AMERICA FIRST ACTION, INC.",TRUMP INTERNATIONAL HOTEL,DC,1ST BANKCARD PMT [SB21B.4629]: TRAVEL: LODGING,2017-11-22,1130.36,,,,,,WASHINGTON,20004,TRAVEL,,http://docquery.fec.gov/cgi-bin/fecimg/?201801239090542874
C00651208,JOHN JAMES FOR SENATE INC,TRUMP INTERNATIONAL HOTEL,DC,TRAVEL: LODGING [SB17.10757],2017-10-31,478.12,PRIMARY,2018,,,,WASHINGTON,20004,TRAVEL,,http://docquery.fec.gov/cgi-bin/fecimg/?201802070200130974
C00076810,GENERAL MOTORS COMPANY POLITICAL ACTION COMMITTEE (GM PAC),COMMITTEE TO ELECT TRUMP 2018,WV,NONFEDERAL CONTRIBUTION,2017-12-21,500,,,,,,BERKELEY SPRINGS,25411,OTHER,,http://docquery.fec.gov/cgi-bin/fecimg/?201801249090604833
C00580100,"DONALD J. TRUMP FOR PRESIDENT, INC.",TRUMP INTERNATIONAL HOTEL WASHINGTON DC,DC,TRAVEL: LODGING [AMEX: SB23.230979],2017-01-10,395.03,PRIMARY,2020,,,,WASHINGTON,20004,TRAVEL,,http://docquery.fec.gov/cgi-bin/fecimg/?201707209067004929
C00401224,ACTBLUE,IMPEACH TRUMP PAC,DC,EARMARK CONTRIBUTION,2017-04-30,5,PRIMARY,2016,,,,WASHINGTON,20003,OTHER,"EARMARK OF FITZGERALD, DIANE",http://docquery.fec.gov/cgi-bin/fecimg/?201711019080642344
C00401224,ACTBLUE,IMPEACH TRUMP PAC,DC,EARMARK CONTRIBUTION,2017-06-11,5,PRIMARY,2016,,,,WASHINGTON,20003,OTHER,"EARMARK OF CARTER, SIGRID",http://docquery.fec.gov/cgi-bin/fecimg/?201711029083181681
C00637512,"AMERICA FIRST ACTION, INC.","TRUMP INTERNATIONAL HOTEL WASHINGTON, D.C.",DC,1ST BANKCARD PMT [SB21B.15922]: EVENT EXPENSE: FACILITY RENTAL/CATERING SERVICES,2018-01-29,400.4,,,,,,WASHINGTON,20004,ADMINISTRATIVE,,http://docquery.fec.gov/cgi-bin/fecimg/?201804129108012543
C00580100,"DONALD J. TRUMP FOR PRESIDENT, INC.",TRUMP INTERNATIONAL HOTEL,DC,AMEX: TRAVEL: LODGING [SB23.728518],2017-01-30,395,PRIMARY,2020,,,,WASHINGTON,20004,TRAVEL,,http://docquery.fec.gov/cgi-bin/fecimg/?201712119089161782
C00580100,"DONALD J. TRUMP FOR PRESIDENT, INC.",TRUMP INTERNATIONAL HOTEL,DC,AMEX PMT [SB23.1179443]: MEETING EXPENSE: MEALS,2018-02-01,117.9,PRIMARY,2020,,,,WASHINGTON,20004,TRAVEL,,http://docquery.fec.gov/cgi-bin/fecimg/?201804159108152095
C00580100,"DONALD J. TRUMP FOR PRESIDENT, INC.",TRUMP PLAZA LLC,NY,RENT,2018-01-18,3850,PRIMARY,2020,,,,NEW YORK,10022,ADMINISTRATIVE,,http://docquery.fec.gov/cgi-bin/fecimg/?201804159108152097
C00401224,ACTBLUE,IMPEACH TRUMP PAC,DC,EARMARK CONTRIBUTION,2017-04-30,25,PRIMARY,2016,,,,WASHINGTON,20003,OTHER,"EARMARK OF AHERN, MICHAEL",http://docquery.fec.gov/cgi-bin/fecimg/?201711019080642347
C00580100,"DONALD J. TRUMP FOR PRESIDENT, INC.",TRUMP ICE LLC,NY,OFFICE SUPPLIES,2017-03-13,940.5,GENERAL,2016,,,,NEW YORK,10022,ADMINISTRATIVE,,http://docquery.fec.gov/cgi-bin/fecimg/?201707209067004919
C00401224,ACTBLUE,IMPEACH TRUMP PAC,DC,EARMARK CONTRIBUTION,2017-04-30,3,PRIMARY,2016,,,,WASHINGTON,20003,OTHER,"EARMARK OF RUBI, LISA",http://docquery.fec.gov/cgi-bin/fecimg/?201711019080642339
C00618371,TRUMP MAKE AMERICA GREAT AGAIN COMMITTEE,"DONALD J. TRUMP FOR PRESIDENT, INC.",NY,TRANSFER OF NET PROCEEDS,2017-04-07,2027909.23,PRIMARY,2020,,,,NEW YORK,10022,TRANSFERS,,http://docquery.fec.gov/cgi-bin/fecimg/?201707159066691700
C00401224,ACTBLUE,IMPEACH TRUMP PAC,DC,EARMARK CONTRIBUTION,2017-05-14,16,PRIMARY,2016,,,,WASHINGTON,20003,OTHER,"EARMARK OF FRANZMAN, LINDA",http://docquery.fec.gov/cgi-bin/fecimg/?201711019082074178
C00580100,"DONALD J. TRUMP FOR PRESIDENT, INC.",TRUMP RESTAURANTS LLC,NY,RENT,2017-07-25,1000,PRIMARY,2020,,,,NEW YORK,10022,ADMINISTRATIVE,,http://docquery.fec.gov/cgi-bin/fecimg/?201712119089173100
C00401224,ACTBLUE,IMPEACH TRUMP PAC,DC,EARMARK CONTRIBUTION,2017-05-14,3,PRIMARY,2016,,,,WASHINGTON,20003,OTHER,"EARMARK OF TRIBBLE, MICHAEL",http://docquery.fec.gov/cgi-bin/fecimg/?201711019082074183
C00401224,ACTBLUE,IMPEACH TRUMP PAC,DC,EARMARK CONTRIBUTION,2017-05-14,5,PRIMARY,2016,,,,WASHINGTON,20003,OTHER,"EARMARK OF DONIN, DEBORAH",http://docquery.fec.gov/cgi-bin/fecimg/?201711019082074180
C00618371,TRUMP MAKE AMERICA GREAT AGAIN COMMITTEE,"DONALD J. TRUMP FOR PRESIDENT, INC.",NY,TRANSFER OF NET PROCEEDS,2017-12-21,2129712.3,PRIMARY,2020,,,,NEW YORK,10022,TRANSFERS,,http://docquery.fec.gov/cgi-bin/fecimg/?201801319091159287
C00580100,"DONALD J. TRUMP FOR PRESIDENT, INC.",TRUMP INTERNATIONAL HOTEL,DC,AMEX: TRAVEL: LODGING [SB23.728561],2017-05-03,1104.86,PRIMARY,2020,,,,WASHINGTON,20004,TRAVEL,,http://docquery.fec.gov/cgi-bin/fecimg/?201712119089161786
C00525055,"TRANSCANADA USA SERVICES, INC. PAC",COMMITTEE TO ELECT CHARLES S. TRUMP IV,WV,"CHARLES TRUMP, STATE SENATE 15TH WV",2017-12-20,500,,,,,,BERKELEY SPRINGS,25411,OTHER,"CHARLES TRUMP, STATE SENATE 15TH WV",http://docquery.fec.gov/cgi-bin/fecimg/?201801119090392463
C00618389,TRUMP VICTORY,TRUMP RESTAURANTS LLC,NY,CATERING SERVICES,2017-02-17,2806.32,,,,,,NEW YORK,10022,FUNDRAISING,,http://docquery.fec.gov/cgi-bin/fecimg/?201704149052179595
C00580100,"DONALD J. TRUMP FOR PRESIDENT, INC.",TRUMP INTERNATIONAL HOTEL WASHINGTON DC,DC,TRAVEL: LODGING [AMEX: SB23.230979],2017-01-02,395,PRIMARY,2020,,,,WASHINGTON,20004,TRAVEL,,http://docquery.fec.gov/cgi-bin/fecimg/?201707209067004928
C00401224,ACTBLUE,IMPEACH TRUMP PAC,DC,EARMARK CONTRIBUTION,2017-04-30,5,PRIMARY,2016,,,,WASHINGTON,20003,OTHER,"EARMARK OF CARTER, MARY",http://docquery.fec.gov/cgi-bin/fecimg/?201711019080642346
C00580100,"DONALD J. TRUMP FOR PRESIDENT, INC.",TRUMP INTERNATIONAL HOTEL,DC,AMEX: TRAVEL: LODGING [SB23.924299],2017-06-20,528.32,PRIMARY,2020,,,,WASHINGTON,20004,TRAVEL,,http://docquery.fec.gov/cgi-bin/fecimg/?201712119089173097
C00492140,AMERICAN BRIDGE 21ST CENTURY,"TRUMPOWER, CHRISTOPHER",DC,SALARY,2017-06-30,1293.14,,,TRUMPOWER,CHRISTOPHER,,WASHINGTON,200012621,ADMINISTRATIVE,*,http://docquery.fec.gov/cgi-bin/fecimg/?201707299069852639
C00343236,CULBERSON FOR CONGRESS,TRUMP HOTEL,DC,EVENT FOOD AND BEV,2017-06-09,700.7,PRIMARY,2018,,,,WASHINGTON,200042501,OTHER,,http://docquery.fec.gov/cgi-bin/fecimg/?201710139075647836
C00580100,"DONALD J. TRUMP FOR PRESIDENT, INC.",TRUMP INTERNATIONAL HOTEL,DC,AMEX PMT [SB23.1179442]: FACILITY RENTAL & CATERING SERVICES,2017-12-15,25151.86,PRIMARY,2020,,,,WASHINGTON,20004,ADMINISTRATIVE,,http://docquery.fec.gov/cgi-bin/fecimg/?201804159108152093
C00401224,ACTBLUE,IMPEACH TRUMP PAC,DC,EARMARK CONTRIBUTION,2017-04-30,25,PRIMARY,2016,,,,WASHINGTON,20003,OTHER,"EARMARK OF ARCARO, JEN",http://docquery.fec.gov/cgi-bin/fecimg/?201711019080642345
C00480228,CONTINUING AMERICA'S STRENGTH AND SECURITY PAC,TRUMP INTERNATIONAL HOTEL,DC,FOOD & BEVERAGE,2017-02-26,74.8,,,,,,WASHINGTON,20004,OTHER,,http://docquery.fec.gov/cgi-bin/fecimg/?201704209052365491
C00576173,KANSANS FOR MARSHALL,TRUMP INTERNATIONAL HOTEL,IL,TRAVEL,2017-05-17,25.65,,,,,,CHICAGO,60611,OTHER,AMEX 6/29,http://docquery.fec.gov/cgi-bin/fecimg/?201707159066705176
C00140855,FIRSTENERGY CORP. POLITICAL ACTION COMMITTEE,TRUMP FOR SENATE,WV,"CHARLES TRUMP, STATE SENATE 15TH WV",2017-12-18,1000,,,,,,BERKELEY SPRINGS,25411,OTHER,"CHARLES TRUMP, STATE SENATE 15TH WV",http://docquery.fec.gov/cgi-bin/fecimg/?201801319091107502
C00618876,REBUILDING AMERICA NOW,TRUMP OLD POST OFFICE,DC,FOOD/BEVERAGE,2017-01-23,352.6,GENERAL,2018,,,,WASHINGTON,20004,OTHER,,http://docquery.fec.gov/cgi-bin/fecimg/?201707319069917489
C00592048,OMAR NAVARRO FOR CONGRESS,TRUMP NATIONAL GOLF COURSE,CA,CAMPAIGN EVENT,2017-11-02,33.38,PRIMARY,2018,,,,RANCHO PALOS VERDES,90275,OTHER,,http://docquery.fec.gov/cgi-bin/fecimg/?201801319091316997
C00075820,NRCC,TRUMP INTERNATIONAL HOTEL,DC,TRAVEL,2017-12-05,906.92,,,,,,WASHINGTON,20004,OTHER,,http://docquery.fec.gov/cgi-bin/fecimg/?201802229095514393
C00666685,BERGMANN FOR CONGRESS 2018,TRUMP INTERNATIONAL HOTEL,DC,FOOD & BEVERAGE,2018-02-01,305.1,PRIMARY,2018,,,,WASHINGTON,20004,OTHER,,http://docquery.fec.gov/cgi-bin/fecimg/?201804159108154512
C00401224,ACTBLUE,IMPEACH TRUMP PAC,DC,EARMARK CONTRIBUTION,2017-04-30,5,PRIMARY,2016,,,,WASHINGTON,20003,OTHER,"EARMARK OF TOTCKY, ANNE",http://docquery.fec.gov/cgi-bin/fecimg/?201711019080642347
C00401224,ACTBLUE,IMPEACH TRUMP PAC,DC,EARMARK CONTRIBUTION,2017-04-30,5,PRIMARY,2016,,,,WASHINGTON,20003,OTHER,"EARMARK OF PAGE, LYN",http://docquery.fec.gov/cgi-bin/fecimg/?201711019080642346
C00629949,ALEX MOONEY FOR CONGRESS,TRUMP HOTEL BLT PRIME,DC,FOOD/BEVERAGE,2017-07-05,69.3,,,,,,WASHINGTON,20004,OTHER,,http://docquery.fec.gov/cgi-bin/fecimg/?201710149075667370
C00401224,ACTBLUE,IMPEACH TRUMP PAC,DC,EARMARK CONTRIBUTION,2017-04-16,10,PRIMARY,2016,,,,WASHINGTON,20003,OTHER,"EARMARK OF HOCH, YANA",http://docquery.fec.gov/cgi-bin/fecimg/?201711019080642334
C00631382,BOLD CONSERVATIVES PAC,TRUMP INTERNATIONAL HOTEL,DC,BEVERAGE FOR VOLUNTEER,2017-03-01,14.43,,,,,,WASHINGTON,20004,OTHER,,http://docquery.fec.gov/cgi-bin/fecimg/?201709289075532307
C00539825,CAPITO FOR WEST VIRGINIA,"TRUMP, REBECCA",WV,NET SALARY,2017-03-31,724.8,PRIMARY,2020,TRUMP,REBECCA,,MORGANTOWN,26505,ADMINISTRATIVE,NET SALARY,http://docquery.fec.gov/cgi-bin/fecimg/?201704180200113866
C00401224,ACTBLUE,IMPEACH TRUMP PAC,DC,EARMARK CONTRIBUTION,2017-04-30,3,PRIMARY,2016,,,,WASHINGTON,20003,OTHER,"EARMARK OF GONSALVES, JOAN",http://docquery.fec.gov/cgi-bin/fecimg/?201711019080642341
C00580100,"DONALD J. TRUMP FOR PRESIDENT, INC.",TRUMP INTERNATIONAL HOTEL,DC,AMEX: TRAVEL: LODGING [SB23.728561],2017-03-20,795.78,PRIMARY,2020,,,,WASHINGTON,20004,TRAVEL,,http://docquery.fec.gov/cgi-bin/fecimg/?201712119089161783
C00618371,TRUMP MAKE AMERICA GREAT AGAIN COMMITTEE,"DONALD J. TRUMP FOR PRESIDENT, INC.",NY,TRANSFER OF NET PROCEEDS,2017-09-22,2023369.63,PRIMARY,2020,,,,NEW YORK,10022,TRANSFERS,,http://docquery.fec.gov/cgi-bin/fecimg/?201710159075691789
C00003418,REPUBLICAN NATIONAL COMMITTEE,TRUMP INTERNATIONAL HOTEL WDC,DC,CATERING/FOOD AND BEVERAGES,2017-02-23,2558.77,,,,,,WASHINGTON,20004,FUNDRAISING,,http://docquery.fec.gov/cgi-bin/fecimg/?201703209050913706
C00401224,ACTBLUE,IMPEACH TRUMP PAC,DC,EARMARK CONTRIBUTION,2017-04-30,3,PRIMARY,2016,,,,WASHINGTON,20003,OTHER,"EARMARK OF ANTELO, RAYMOND",http://docquery.fec.gov/cgi-bin/fecimg/?201711019080642350
C00401224,ACTBLUE,IMPEACH TRUMP PAC,DC,EARMARK CONTRIBUTION,2017-04-30,3,PRIMARY,2016,,,,WASHINGTON,20003,OTHER,"EARMARK OF TRAFFORD, JO",http://docquery.fec.gov/cgi-bin/fecimg/?201711019080642351
C00401224,ACTBLUE,IMPEACH TRUMP PAC,DC,EARMARK CONTRIBUTION,2017-05-07,3,PRIMARY,2016,,,,WASHINGTON,20003,OTHER,"EARMARK OF GETSINGER, GRETCHEN",http://docquery.fec.gov/cgi-bin/fecimg/?201711019082074176
C00580100,"DONALD J. TRUMP FOR PRESIDENT, INC.",TRUMP INTERNATIONAL HOTEL WASHINGTON DC,DC,TRAVEL: LODGING [AMEX: SB23.230979],2017-01-03,395.03,PRIMARY,2020,,,,WASHINGTON,20004,TRAVEL,,http://docquery.fec.gov/cgi-bin/fecimg/?201707209067004928
C00401224,ACTBLUE,IMPEACH TRUMP PAC,DC,EARMARK CONTRIBUTION,2017-04-30,3,PRIMARY,2016,,,,WASHINGTON,20003,OTHER,"EARMARK OF SILAS, HELEN",http://docquery.fec.gov/cgi-bin/fecimg/?201711019080642352
C00618371,TRUMP MAKE AMERICA GREAT AGAIN COMMITTEE,"DONALD J. TRUMP FOR PRESIDENT, INC.",NY,TRANSFER OF NET PROCEEDS,2017-06-02,1008083.21,PRIMARY,2020,,,,NEW YORK,10022,TRANSFERS,,http://docquery.fec.gov/cgi-bin/fecimg/?201707159066691700
C00027466,NRSC,TRUMP RESTAURANTS,NY,FOOD/BEVERAGE,2017-08-04,404.3,,,,,,NEW YORK,10022,OTHER,,http://docquery.fec.gov/cgi-bin/fecimg/?201709200200265121
C00401224,ACTBLUE,IMPEACH TRUMP PAC,DC,EARMARK CONTRIBUTION,2017-04-30,5,PRIMARY,2016,,,,WASHINGTON,20003,OTHER,"EARMARK OF RYMER, WILLIAM",http://docquery.fec.gov/cgi-bin/fecimg/?201711019080642338
C00003418,REPUBLICAN NATIONAL COMMITTEE,TRUMP INTERNATIONAL HOTEL WDC,DC,TRAVEL EXPENSES,2017-01-24,47,,,,,,WASHINGTON,20004,MATERIALS,,http://docquery.fec.gov/cgi-bin/fecimg/?201702209049743257
C00580100,"DONALD J. TRUMP FOR PRESIDENT, INC.",THE TRUMP INTL HOTEL,DC,AMEX PMT [SB23.925528]: TRAVEL: LODGING,2017-09-08,1820.56,PRIMARY,2020,,,,WASHINGTON,20004,TRAVEL,,http://docquery.fec.gov/cgi-bin/fecimg/?201804129108005229
C00580100,"DONALD J. TRUMP FOR PRESIDENT, INC.",TRUMP PLAZA LLC,NY,RENT,2018-03-02,7700,PRIMARY,2020,,,,NEW YORK,10022,ADMINISTRATIVE,,http://docquery.fec.gov/cgi-bin/fecimg/?201804159108152097
C00639724,BOBBY LAWRENCE FOR US SENATE,WOMEN FOR TRUMP ERIE PA,PA,EVENT- CATERING,2017-06-13,600,PRIMARY,2018,,,,ERIE,16511,FUNDRAISING,,http://docquery.fec.gov/cgi-bin/fecimg/?201710180200332559
C00401224,ACTBLUE,IMPEACH TRUMP PAC,DC,EARMARK CONTRIBUTION,2017-04-30,3,PRIMARY,2016,,,,WASHINGTON,20003,OTHER,"EARMARK OF DUNCAN, COLLEEN",http://docquery.fec.gov/cgi-bin/fecimg/?201711019080642351
C00618389,TRUMP VICTORY,"DONALD J. TRUMP FOR PRESIDENT, INC.",NY,TRANSFER: PAYROLL REIMBURSEMENT,2017-01-25,22997.11,PRIMARY,,,,,NEW YORK,10022,TRANSFERS,,http://docquery.fec.gov/cgi-bin/fecimg/?201704149052179598
C00003418,REPUBLICAN NATIONAL COMMITTEE,TRUMP INTERNATIONAL HOTEL WDC,DC,VENUE RENTAL AND CATERING,2017-09-18,3322.37,,,,,,WASHINGTON,20004,ADMINISTRATIVE,,http://docquery.fec.gov/cgi-bin/fecimg/?201711209086804114
C00631382,BOLD CONSERVATIVES PAC,TRUMP INTERNATIONAL HOTEL,DC,MEAL EXPENSE FOLLOWING PRESIDENTIAL INAUGURATION,2017-04-07,213.6,,,,,,WASHINGTON,20004,TRAVEL,,http://docquery.fec.gov/cgi-bin/fecimg/?201709289075532335
C00580100,"DONALD J. TRUMP FOR PRESIDENT, INC.",THE TRUMP CORPORATION,NY,LEGAL CONSULTING,2017-12-01,9510,PRIMARY,2020,,,,NEW YORK,10022,OTHER,,http://docquery.fec.gov/cgi-bin/fecimg/?201804129108005228
C00401224,ACTBLUE,IMPEACH TRUMP PAC,DC,EARMARK CONTRIBUTION,2017-05-07,3,PRIMARY,2016,,,,WASHINGTON,20003,OTHER,"EARMARK OF VANWOERKOM, DENISE",http://docquery.fec.gov/cgi-bin/fecimg/?201711019082074174
C00520379,COLLINS FOR CONGRESS,TRUMP INTERNATIONAL HOTEL,DC,FUNDRAISING DINNER - DATA ENTRY ERROR,2017-10-25,393.9,PRIMARY,2018,,,,WASHINGTON,200042501,OTHER,,http://docquery.fec.gov/cgi-bin/fecimg/?201803239097927389
C00401224,ACTBLUE,IMPEACH TRUMP PAC,DC,EARMARK CONTRIBUTION,2017-04-30,5,PRIMARY,2016,,,,WASHINGTON,20003,OTHER,"EARMARK OF PATTERSON, MARILYN",http://docquery.fec.gov/cgi-bin/fecimg/?201711019080642339
C00401224,ACTBLUE,IMPEACH TRUMP PAC,DC,EARMARK CONTRIBUTION,2017-05-14,3,PRIMARY,2016,,,,WASHINGTON,20003,OTHER,"EARMARK OF WE, JOEL",http://docquery.fec.gov/cgi-bin/fecimg/?201711019082074179
C00401224,ACTBLUE,IMPEACH TRUMP PAC,DC,EARMARK CONTRIBUTION,2017-05-14,5,PRIMARY,2016,,,,WASHINGTON,20003,OTHER,"EARMARK OF MCGINITY, TOM",http://docquery.fec.gov/cgi-bin/fecimg/?201711019082074186
C00401224,ACTBLUE,IMPEACH TRUMP PAC,DC,EARMARK CONTRIBUTION,2017-04-30,10,PRIMARY,2016,,,,WASHINGTON,20003,OTHER,"EARMARK OF WILLIAMS, WILLIAM",http://docquery.fec.gov/cgi-bin/fecimg/?201711019080642340
C00401224,ACTBLUE,IMPEACH TRUMP PAC,DC,EARMARK CONTRIBUTION,2017-05-14,20,PRIMARY,2016,,,,WASHINGTON,20003,OTHER,"EARMARK OF SHAW, SUSAN",http://docquery.fec.gov/cgi-bin/fecimg/?201711019082074185
C00401224,ACTBLUE,IMPEACH TRUMP PAC,DC,EARMARK CONTRIBUTION,2017-05-07,10,PRIMARY,2016,,,,WASHINGTON,20003,OTHER,"EARMARK OF MARTIN, EDNA",http://docquery.fec.gov/cgi-bin/fecimg/?201711019082074177
C00401224,ACTBLUE,IMPEACH TRUMP PAC,DC,EARMARK CONTRIBUTION,2017-04-30,25,PRIMARY,2016,,,,WASHINGTON,20003,OTHER,"EARMARK OF REIBER, MARGARET",http://docquery.fec.gov/cgi-bin/fecimg/?201711019080642353
C00580100,"DONALD J. TRUMP FOR PRESIDENT, INC.",TRUMP ICE LLC,NY,VOIDED CHECK: OVERPAYMENT,2017-02-21,-828.26,GENERAL,2016,,,,NEW YORK,10022,OTHER,,http://docquery.fec.gov/cgi-bin/fecimg/?201707209067004918
C00464339,DUFFY FOR WISCONSIN,BLT PRIME TRUMP,DC,FOOD/BEVERAGE,2017-03-20,491.9,,,,,,WASHINGTON,20004,OTHER,,http://docquery.fec.gov/cgi-bin/fecimg/?201704159052268127
C00219642,"ENTERPRISE HOLDINGS, INC. POLITICAL ACTION COMMITTEE",COMMITTEE TO ELECT CHARLES S. TRUMP IV,WV,CONTRIBUTION,2017-11-29,1000,,,,,,BERKLEY SPRINGS,25411,OTHER,CONTRIBUTION,http://docquery.fec.gov/cgi-bin/fecimg/?201712209089341246
C00618389,TRUMP VICTORY,"DONALD J. TRUMP FOR PRESIDENT, INC.",NY,TRANSFER OF NET PROCEEDS,2017-09-29,318863.78,PRIMARY,2020,,,,NEW YORK,10022,TRANSFERS,,http://docquery.fec.gov/cgi-bin/fecimg/?201710159075692766
C00493924,REINVENTING A NEW DIRECTION POLITICAL ACTION COMMITTEE,TRUMP NATIONAL,VA,FOOD/BEVERAGE,2017-08-04,29.4,,,,,,POTOMAC FALLS,20165,OTHER,,http://docquery.fec.gov/cgi-bin/fecimg/?201801319091013591
C00401224,ACTBLUE,IMPEACH TRUMP PAC,DC,EARMARK CONTRIBUTION,2017-04-30,5,PRIMARY,2016,,,,WASHINGTON,20003,OTHER,"EARMARK OF LAMBERT, JEANNE",http://docquery.fec.gov/cgi-bin/fecimg/?201711019080642346
C00637512,"AMERICA FIRST ACTION, INC.","TRUMP INTERNATIONAL HOTEL WASHINGTON, D.C.",DC,EVENT EXPENSE: FACILITY RENTAL AND CATERING,2018-01-16,57201.28,,,,,,WASHINGTON,20004,ADMINISTRATIVE,,http://docquery.fec.gov/cgi-bin/fecimg/?201804129108012543
C00631382,BOLD CONSERVATIVES PAC,TRUMP INTERNATIONAL HOTEL,DC,MEAL FOR VOLUNTEERS,2017-03-01,197.8,,,,,,WASHINGTON,20004,TRAVEL,,http://docquery.fec.gov/cgi-bin/fecimg/?201709289075532308
C00640664,GREAT AMERICA COMMITTEE,DONALD J. TRUMP FOR PRESIDENT INC.,NY,CONTRIBUTION,2017-05-25,2700,GENERAL,2020,,,,NEW YORK,10022,CONTRIBUTIONS,,http://docquery.fec.gov/cgi-bin/fecimg/?201707319069878406
C00592048,OMAR NAVARRO FOR CONGRESS,TRUMP NATIONAL GOLF COURSE,CA,MEALS,2017-08-02,20,PRIMARY,2018,,,,RANCHO PALOS VERDES,90275,TRAVEL,,http://docquery.fec.gov/cgi-bin/fecimg/?201710159075749957
C00003418,REPUBLICAN NATIONAL COMMITTEE,TRUMP NATIONAL DORAL MIAMI,FL,VENUE RENTAL AND CATERING,2018-02-28,87866.37,,,,,,MIAMI,33178,ADMINISTRATIVE,,http://docquery.fec.gov/cgi-bin/fecimg/?201803209096669763
C00401224,ACTBLUE,IMPEACH TRUMP PAC,DC,EARMARK CONTRIBUTION,2017-05-14,5,PRIMARY,2016,,,,WASHINGTON,20003,OTHER,"EARMARK OF MARCLE, DOROTHY",http://docquery.fec.gov/cgi-bin/fecimg/?201711019082074181
C00401224,ACTBLUE,IMPEACH TRUMP PAC,DC,EARMARK CONTRIBUTION,2017-05-14,3,PRIMARY,2016,,,,WASHINGTON,20003,OTHER,"EARMARK OF LOEWENTHAL, MARTHA",http://docquery.fec.gov/cgi-bin/fecimg/?201711019082074179
C00031088,WASHINGTON STATE REPUBLICAN PARTY,TRUMP INTERNATIONAL HOTEL,DC,HOTEL,2017-06-17,807.22,,,,,,WASHINGTON,200042501,OTHER,,http://docquery.fec.gov/cgi-bin/fecimg/?201707209067005258
C00401224,ACTBLUE,IMPEACH TRUMP PAC,DC,EARMARK CONTRIBUTION,2017-04-30,5,PRIMARY,2016,,,,WASHINGTON,20003,OTHER,"EARMARK OF TEMPLETON, ALICE",http://docquery.fec.gov/cgi-bin/fecimg/?201711019080642338
C00580100,"DONALD J. TRUMP FOR PRESIDENT, INC.",TRUMP INTERNATIONAL HOTEL,DC,AMEX PMT [SB23.1179443]: TRAVEL: LODGING,2018-02-02,1924.18,PRIMARY,2020,,,,WASHINGTON,20004,TRAVEL,,http://docquery.fec.gov/cgi-bin/fecimg/?201804159108152095
C00401224,ACTBLUE,IMPEACH TRUMP PAC,DC,EARMARK CONTRIBUTION,2017-05-14,3,PRIMARY,2016,,,,WASHINGTON,20003,OTHER,"EARMARK OF BLACKBURN, LUCINDA",http://docquery.fec.gov/cgi-bin/fecimg/?201711019082074182
C00492140,AMERICAN BRIDGE 21ST CENTURY,"TRUMPOWER, CHRISTOPHER",DC,SALARY,2017-11-13,1846.89,,,TRUMPOWER,CHRISTOPHER,,WASHINGTON,200012621,ADMINISTRATIVE,*,http://docquery.fec.gov/cgi-bin/fecimg/?201804129107995802
C00539825,CAPITO FOR WEST VIRGINIA,"TRUMP, REBECCA",WV,NET SALARY,2017-02-28,724.8,PRIMARY,2020,TRUMP,REBECCA,,MORGANTOWN,26505,ADMINISTRATIVE,NET SALARY,http://docquery.fec.gov/cgi-bin/fecimg/?201704180200113865
C00571208,ONE GEORGIA PAC,TRUMP INTERNATIONAL HOTEL,DC,REIMBURSEMENT [SB21B.5383]: MEETING EXPENSE: MEALS,2017-03-06,217.5,,,,,,WASHINGTON,20004,TRAVEL,,http://docquery.fec.gov/cgi-bin/fecimg/?201801319091176611
C00003418,REPUBLICAN NATIONAL COMMITTEE,TRUMP INTERNATIONAL HOTEL,DC,CATERING/FOOD AND BEVERAGES,2017-12-18,98.9,,,,,,WASHINGTON,20004,FUNDRAISING,,http://docquery.fec.gov/cgi-bin/fecimg/?201802139094563578
C00592048,OMAR NAVARRO FOR CONGRESS,TRUMP HOTEL,NV,HOTEL,2017-09-06,359.55,PRIMARY,2018,,,,LAS VEGAS,89109,OTHER,,http://docquery.fec.gov/cgi-bin/fecimg/?201710159075749956
C00580100,"DONALD J. TRUMP FOR PRESIDENT, INC.",TRUMP RESTAURANTS LLC,NY,RENT,2017-12-01,11000,PRIMARY,2020,,,,NEW YORK,10022,ADMINISTRATIVE,,http://docquery.fec.gov/cgi-bin/fecimg/?201804129108005234
C00580100,"DONALD J. TRUMP FOR PRESIDENT, INC.",TRUMP RESTAURANTS LLC,NY,FACILITY RENTAL/CATERING SERVICES,2017-02-17,5912.42,GENERAL,2016,,,,NEW YORK,10022,ADMINISTRATIVE,,http://docquery.fec.gov/cgi-bin/fecimg/?201707209067004931
C00580100,"DONALD J. TRUMP FOR PRESIDENT, INC.",TRUMP INTERNATIONAL HOTEL,DC,AMEX: TRAVEL: LODGING [SB23.728561],2017-03-04,1356.84,PRIMARY,2020,,,,WASHINGTON,20004,TRAVEL,,http://docquery.fec.gov/cgi-bin/fecimg/?201712119089161783
C00093054,WALMART INC. PAC FOR RESPONSIBLE GOVERNMENT,COMMITTEE TO ELECT CHARLES TRUMP IV,WV,UNCASHED 10/5/17 CONTRIBUTION,2017-12-31,-500,,,,,,BERKELEY SPRINGS,25411,OTHER,,http://docquery.fec.gov/cgi-bin/fecimg/?201801249090609418
C00580100,"DONALD J. TRUMP FOR PRESIDENT, INC.",TRUMP TOWER COMMERCIAL LLC,NY,RENT,2017-02-22,158996.39,PRIMARY,2020,,,,HICKSVILLE,11802,ADMINISTRATIVE,,http://docquery.fec.gov/cgi-bin/fecimg/?201707209067004932
C00003418,REPUBLICAN NATIONAL COMMITTEE,TRUMP INTERNATIONAL HOTEL,DC,VENUE RENTAL AND CATERING,2017-12-06,13750,,,,,,WASHINGTON,20004,ADMINISTRATIVE,,http://docquery.fec.gov/cgi-bin/fecimg/?201802139094563366
C00618389,TRUMP VICTORY,"DONALD J. TRUMP FOR PRESIDENT, INC.",NY,TRANSFER OF NET PROCEEDS,2017-01-09,2520.2,PRIMARY,2016,,,,NEW YORK,10022,TRANSFERS,,http://docquery.fec.gov/cgi-bin/fecimg/?201704149052179598
C00580100,"DONALD J. TRUMP FOR PRESIDENT, INC.",TRUMP RESTAURANTS LLC,NY,RENT,2017-08-03,2000,PRIMARY,2020,,,,NEW YORK,10022,ADMINISTRATIVE,,http://docquery.fec.gov/cgi-bin/fecimg/?201712119089173100
C00580100,"DONALD J. TRUMP FOR PRESIDENT, INC.",TRUMP INTERNATIONAL HOTEL WASHINGTON DC,DC,TRAVEL: LODGING [AMEX: SB23.230979],2017-01-10,452.28,PRIMARY,2020,,,,WASHINGTON,20004,TRAVEL,,http://docquery.fec.gov/cgi-bin/fecimg/?201707209067004929
C00492140,AMERICAN BRIDGE 21ST CENTURY,"TRUMPOWER, CHRISTOPHER",DC,SALARY,2018-01-31,2394.69,,,TRUMPOWER,CHRISTOPHER,,WASHINGTON,200012621,ADMINISTRATIVE,*,http://docquery.fec.gov/cgi-bin/fecimg/?201804129107997203
C00401224,ACTBLUE,IMPEACH TRUMP PAC,DC,EARMARK CONTRIBUTION,2017-04-30,3,PRIMARY,2016,,,,WASHINGTON,20003,OTHER,"EARMARK OF LAMBERT, JEANNE",http://docquery.fec.gov/cgi-bin/fecimg/?201711019080642349
C00474189,MIKE KELLY FOR CONGRESS,TRUMP INTERNATIONAL HOTEL,DC,FOOD & BEVERAGE EXPENSE,2017-06-26,203.4,PRIMARY,2018,,,,WASHINGTON,20004,MATERIALS,FOOD & BEVERAGE EXPENSE,http://docquery.fec.gov/cgi-bin/fecimg/?201707129066596894
C00580100,"DONALD J. TRUMP FOR PRESIDENT, INC.",TRUMP INTERNATIONAL HOTEL WASHINGTON DC,DC,TRAVEL: LODGING [AMEX: SB23.230979],2017-01-12,443.87,PRIMARY,2020,,,,WASHINGTON,20004,TRAVEL,,http://docquery.fec.gov/cgi-bin/fecimg/?201707209067004930
C00362178,FAMILY-PAC FEDERAL,TRUMP HOTEL CHICAGO,IL,LODGING FOR PAC MEETING,2017-12-11,454.13,,,,,,CHICAGO,60611,TRAVEL,,http://docquery.fec.gov/cgi-bin/fecimg/?201804119106284696
C00362178,FAMILY-PAC FEDERAL,TRUMP HOTEL CHICAGO,IL,FOOD AND BEVERAGES-LUNCHEON,2017-12-04,2079.06,,,,,,CHICAGO,60611,OTHER,,http://docquery.fec.gov/cgi-bin/fecimg/?201804119106284696
C00618389,TRUMP VICTORY,"DONALD J. TRUMP FOR PRESIDENT, INC.",NY,TRANSFER OF NET PROCEEDS,2017-09-22,273492.7,PRIMARY,2020,,,,NEW YORK,10022,TRANSFERS,,http://docquery.fec.gov/cgi-bin/fecimg/?201710159075692766
C00637512,"AMERICA FIRST ACTION, INC.",TRUMP INTERNATIONAL HOTEL,DC,MONTGOMERY REIMBURSEMENT [SB21B.4650]: EVENT EXPENSE: PARKING,2017-12-13,70,,,,,,WASHINGTON,20004,MATERIALS,,http://docquery.fec.gov/cgi-bin/fecimg/?201801239090542874
C00492140,AMERICAN BRIDGE 21ST CENTURY,"TRUMPOWER, CHRISTOPHER",DC,SALARY,2017-12-14,1566.55,,,TRUMPOWER,CHRISTOPHER,,WASHINGTON,200012621,ADMINISTRATIVE,*,http://docquery.fec.gov/cgi-bin/fecimg/?201804129107995837
C00580100,"DONALD J. TRUMP FOR PRESIDENT, INC.",TRUMP INTERNATIONAL HOTEL,DC,AMEX PMT [SB23.1179442]: FACILITY RENTAL & CATERING SERVICES,2017-12-01,26500,PRIMARY,2020,,,,WASHINGTON,20004,ADMINISTRATIVE,,http://docquery.fec.gov/cgi-bin/fecimg/?201804159108152092
C00170258,NATIONAL ASSOCIATION OF MUTUAL INSURANCE COMPANIES PAC,TRUMP FOR SENATE,WV,CONTRIBUTION TO COMMITTEE,2017-09-06,1000,PRIMARY,2018,,,,BERKELEY SPRINGS,254111588,OTHER,,http://docquery.fec.gov/cgi-bin/fecimg/?201710209075848478
C00401224,ACTBLUE,IMPEACH TRUMP PAC,DC,EARMARK CONTRIBUTION,2017-04-30,3,PRIMARY,2016,,,,WASHINGTON,20003,OTHER,"EARMARK OF KASPER, LINDA",http://docquery.fec.gov/cgi-bin/fecimg/?201711019080642341
C00401224,ACTBLUE,IMPEACH TRUMP PAC,DC,EARMARK CONTRIBUTION,2017-04-30,5,PRIMARY,2016,,,,WASHINGTON,20003,OTHER,"EARMARK OF SHIELDS, SHERRY",http://docquery.fec.gov/cgi-bin/fecimg/?201711019080642349
C00580100,"DONALD J. TRUMP FOR PRESIDENT, INC.",THE TRUMP INTL HOTEL,DC,AMEX PMT [SB23.925529]: TRAVEL: LODGING,2017-10-19,1416.26,PRIMARY,2020,,,,WASHINGTON,20004,TRAVEL,,http://docquery.fec.gov/cgi-bin/fecimg/?201804129108005230
C00580100,"DONALD J. TRUMP FOR PRESIDENT, INC.",TRUMP TOWER COMMERCIAL LLC,NY,RENT,2018-03-09,37541.67,PRIMARY,2020,,,,NEW YORK,10022,ADMINISTRATIVE,,http://docquery.fec.gov/cgi-bin/fecimg/?201804159108152099
C00592048,OMAR NAVARRO FOR CONGRESS,TRUMP NATIONAL GOLF COURSE,CA,EVENT VENUE RENTAL,2017-09-27,4132.93,PRIMARY,2018,,,,RANCHO PALOS VERDES,90275,ADMINISTRATIVE,,http://docquery.fec.gov/cgi-bin/fecimg/?201710159075749958
C00401224,ACTBLUE,IMPEACH TRUMP PAC,DC,EARMARK CONTRIBUTION,2017-05-07,3,PRIMARY,2016,,,,WASHINGTON,20003,OTHER,"EARMARK OF ELDER, JULIA",http://docquery.fec.gov/cgi-bin/fecimg/?201711019082074177
C00580100,"DONALD J. TRUMP FOR PRESIDENT, INC.",TRUMP INTERNATIONAL HOTEL,DC,AMEX PMT [SB23.1179444]: TRAVEL: LODGING,2017-12-17,341.12,PRIMARY,2020,,,,WASHINGTON,20004,TRAVEL,,http://docquery.fec.gov/cgi-bin/fecimg/?201804159108152093
C00551374,GARY PALMER FOR CONGRESS,"DONALD J. TRUMP FOR PRESIDENT, INC.",NY,VOID OF PREVIOUSLY REPORTED- NOT CASHED,2017-01-31,-2000,GENERAL,2016,,,,NEW YORK,10022,CONTRIBUTIONS,,http://docquery.fec.gov/cgi-bin/fecimg/?201704249053475434
C00431403,VOTE TO ELECT REPUBLICANS NOW PAC (VERN PAC),TRUMP MANATEE,FL,POLITICAL CONTRIBUTION,2018-01-26,1000,,,,,,BRADENTON,34208,OTHER,,http://docquery.fec.gov/cgi-bin/fecimg/?201804139108047011
C00473272,DENHAM FOR CONGRESS,TRUMP INT'L HOTEL,DC,FUNDRAISING EVENT,2017-09-13,873.5,PRIMARY,2018,,,,WASHINGTON,20004,FUNDRAISING,,http://docquery.fec.gov/cgi-bin/fecimg/?201803029095643063
C00362178,FAMILY-PAC FEDERAL,TRUMP HOTEL CHICAGO,IL,LODGING FOR MEETING,2017-11-03,650,,,,,,CHICAGO,60611,TRAVEL,,http://docquery.fec.gov/cgi-bin/fecimg/?201804119106284697
C00618371,TRUMP MAKE AMERICA GREAT AGAIN COMMITTEE,"DONALD J. TRUMP FOR PRESIDENT, INC.",NY,TRANSFER OF NET PROCEEDS,2017-01-17,3316764.09,PRIMARY,2020,,,,NEW YORK,10022,TRANSFERS,,http://docquery.fec.gov/cgi-bin/fecimg/?201704159052263434
C00075820,NRCC,TRUMP INTERNATIONAL HOTEL,DC,FOOD/BEVERAGE,2018-01-08,112,,,,,,WASHINGTON,20004,OTHER,,http://docquery.fec.gov/cgi-bin/fecimg/?201802209094616585
C00650374,STEWART FOR SENATE INC,TRUMP INTERNATIONAL HOTEL,DC,MEETING EXPENSE-MEALS,2017-11-02,354.8,PRIMARY,2018,,,,WASHINGTON,200042501,TRAVEL,,http://docquery.fec.gov/cgi-bin/fecimg/?201802050200113292
C00650374,STEWART FOR SENATE INC,TRUMP INTERNATIONAL HOTEL,DC,MEETING EXPENSE - MEALS,2017-10-10,250.6,PRIMARY,2018,,,,WASHINGTON,200042501,TRAVEL,,http://docquery.fec.gov/cgi-bin/fecimg/?201802050200113283
C00003418,REPUBLICAN NATIONAL COMMITTEE,THE TRUMP CAFE,NY,TRAVEL EXPENSES,2017-02-21,68.7,,,,,,NEW YORK,10022,MATERIALS,,http://docquery.fec.gov/cgi-bin/fecimg/?201703209050913685
C00580100,"DONALD J. TRUMP FOR PRESIDENT, INC.",TRUMP INTERNATIONAL HOTEL,DC,AMEX: TRAVEL: LODGING [SB23.924300],2017-07-01,4487.36,PRIMARY,2020,,,,WASHINGTON,20004,TRAVEL,,http://docquery.fec.gov/cgi-bin/fecimg/?201712119089173098
C00003418,REPUBLICAN NATIONAL COMMITTEE,TRUMP HOTELS,NY,TRAVEL EXPENSES,2018-02-07,606.4,,,,,,NEW YORK,10022,MATERIALS,,http://docquery.fec.gov/cgi-bin/fecimg/?201803209096669344
C00401224,ACTBLUE,IMPEACH TRUMP PAC,DC,EARMARK CONTRIBUTION,2017-05-07,3,PRIMARY,2016,,,,WASHINGTON,20003,OTHER,"EARMARK OF ANDERSON, PATRICIA",http://docquery.fec.gov/cgi-bin/fecimg/?201711019082074174
C00410985,MURRAY ENERGY CORPORATION POLITICAL ACTION COMMITTEE,COMMITTEE TO ELECT CHARLES S. TRUMP IV,WV,CONTRIBUTION,2018-01-03,1000,,,,,,BERKLEY SPRINGS,25411,OTHER,,http://docquery.fec.gov/cgi-bin/fecimg/?201804169108262716
C00618389,TRUMP VICTORY,"DONALD J. TRUMP FOR PRESIDENT, INC.",NY,TRANSFER OF NET PROCEEDS,2017-09-30,44735.14,PRIMARY,2020,,,,NEW YORK,10022,TRANSFERS,,http://docquery.fec.gov/cgi-bin/fecimg/?201710159075692767
C00492140,AMERICAN BRIDGE 21ST CENTURY,"TRUMPOWER, CHRISTOPHER",DC,SALARY,2017-07-31,1934.08,,,TRUMPOWER,CHRISTOPHER,,WASHINGTON,200012621,ADMINISTRATIVE,*,http://docquery.fec.gov/cgi-bin/fecimg/?201804129107996322
C00580100,"DONALD J. TRUMP FOR PRESIDENT, INC.",THE TRUMP CORPORATION,NY,LEGAL CONSULTING,2017-06-30,89561,PRIMARY,2020,,,,NEW YORK,10022,OTHER,,http://docquery.fec.gov/cgi-bin/fecimg/?201712119089161777
C00580100,"DONALD J. TRUMP FOR PRESIDENT, INC.",TRUMP INTERNATIONAL HOTEL WASHINGTON DC,DC,TRAVEL: LODGING [AMEX: SB23.230980],2017-01-26,452.28,PRIMARY,2020,,,,WASHINGTON,20004,TRAVEL,,http://docquery.fec.gov/cgi-bin/fecimg/?201707209067004930
C00224691,ROHRABACHER FOR CONGRESS,TRUMP INTERNATIONAL HOTEL,DC,EVENT ROOM & CATERING COSTS,2017-06-15,6825,PRIMARY,2018,,,,WASHINGTON,20004,FUNDRAISING,,http://docquery.fec.gov/cgi-bin/fecimg/?201707159066679647
C00632828,CLAUDIA TENNEY FOR CONGRESS,TRUMP HOTEL,DC,EVENT CATERING,2017-10-26,789.82,PRIMARY,2018,,,,WASHINGTON,200042501,FUNDRAISING,,http://docquery.fec.gov/cgi-bin/fecimg/?201801319091039800
C00580100,"DONALD J. TRUMP FOR PRESIDENT, INC.",TRUMP INTERNATIONAL HOTEL,DC,AMEX: TRAVEL: LODGING [SB23.728518],2017-02-27,395,PRIMARY,2020,,,,WASHINGTON,20004,TRAVEL,,http://docquery.fec.gov/cgi-bin/fecimg/?201712119089161782
C00580100,"DONALD J. TRUMP FOR PRESIDENT, INC.",TRUMP INTERNATIONAL HOTEL AND TOWER,NY,FACILITY RENTAL/CATERING SERVICES,2017-02-10,1936.98,GENERAL,2016,,,,NEW YORK,10023,ADMINISTRATIVE,,http://docquery.fec.gov/cgi-bin/fecimg/?201707209067004925
C00401224,ACTBLUE,IMPEACH TRUMP PAC,DC,EARMARK CONTRIBUTION,2017-04-30,25,PRIMARY,2016,,,,WASHINGTON,20003,OTHER,"EARMARK OF MCDOWELL, CONNIE",http://docquery.fec.gov/cgi-bin/fecimg/?201711019080642352
C00432906,TOM ROONEY FOR CONGRESS,TRUMP INTERNATIONAL HOTEL,IL,LODGING,2017-09-01,352.2,,,,,,CHICAGO,60611,TRAVEL,,http://docquery.fec.gov/cgi-bin/fecimg/?201710139075633427
C00580100,"DONALD J. TRUMP FOR PRESIDENT, INC.",THE TRUMP INTL HOTEL,DC,AMEX PMT [SB23.925529]: TRAVEL: LODGING,2017-10-26,3144.28,PRIMARY,2020,,,,WASHINGTON,20004,TRAVEL,,http://docquery.fec.gov/cgi-bin/fecimg/?201804129108005231
C00003418,REPUBLICAN NATIONAL COMMITTEE,TRUMP HOTELS,NY,CATERING/FOOD AND BEVERAGES,2018-02-07,72,,,,,,NEW YORK,10022,FUNDRAISING,,http://docquery.fec.gov/cgi-bin/fecimg/?201803209096669344
C00401224,ACTBLUE,IMPEACH TRUMP PAC,DC,EARMARK CONTRIBUTION,2017-05-14,5,PRIMARY,2016,,,,WASHINGTON,20003,OTHER,"EARMARK OF MINER, RANDA",http://docquery.fec.gov/cgi-bin/fecimg/?201711019082074182
C00539825,CAPITO FOR WEST VIRGINIA,"TRUMP, REBECCA",WV,NET SALARY,2017-01-31,724.8,PRIMARY,2020,TRUMP,REBECCA,,MORGANTOWN,26505,ADMINISTRATIVE,NET SALARY,http://docquery.fec.gov/cgi-bin/fecimg/?201704180200113864
C00364935,BILL SHUSTER FOR CONGRESS,TRUMP INTERNATIONAL HOTEL,DC,EVENT FACILITY RENTAL/CATERING,2017-11-30,19571.91,,,,,,WASHINGTON,20004,ADMINISTRATIVE,,http://docquery.fec.gov/cgi-bin/fecimg/?201801319091145938
C00580100,"DONALD J. TRUMP FOR PRESIDENT, INC.",TRUMP INTERNATIONAL HOTEL,DC,AMEX: TRAVEL: LODGING [SB23.728561],2017-04-07,238.55,PRIMARY,2020,,,,WASHINGTON,20004,TRAVEL,,http://docquery.fec.gov/cgi-bin/fecimg/?201712119089161784
C00003418,REPUBLICAN NATIONAL COMMITTEE,THE TRUMP CAFE,NY,TRAVEL EXPENSES,2017-01-19,701.9,,,,,,NEW YORK,10022,MATERIALS,,http://docquery.fec.gov/cgi-bin/fecimg/?201702209049743214
C00401224,ACTBLUE,IMPEACH TRUMP PAC,DC,EARMARK CONTRIBUTION,2017-06-11,3,PRIMARY,2016,,,,WASHINGTON,20003,OTHER,"EARMARK OF NOBLE, DARLENE",http://docquery.fec.gov/cgi-bin/fecimg/?201711029083181680
C00580100,"DONALD J. TRUMP FOR PRESIDENT, INC.",TRUMP PLAZA LLC,NY,RENT,2017-11-13,3850,PRIMARY,2020,,,,NEW YORK,10022,ADMINISTRATIVE,,http://docquery.fec.gov/cgi-bin/fecimg/?201804129108005233
C00401224,ACTBLUE,IMPEACH TRUMP PAC,DC,EARMARK CONTRIBUTION,2017-04-30,5,PRIMARY,2016,,,,WASHINGTON,20003,OTHER,"EARMARK OF MASSIMI, TERRA",http://docquery.fec.gov/cgi-bin/fecimg/?201711019080642340
C00637512,"AMERICA FIRST ACTION, INC.","TRUMP INTERNATIONAL HOTEL WASHINGTON, D.C.",DC,1ST BANKCARD PMT [SB21B.15922]: EVENT EXPENSE: FACILITY RENTAL/CATERING SERVICES,2018-01-29,1850,,,,,,WASHINGTON,20004,ADMINISTRATIVE,,http://docquery.fec.gov/cgi-bin/fecimg/?201804129108012543
C00492140,AMERICAN BRIDGE 21ST CENTURY,"TRUMPOWER, CHRISTOPHER",DC,SALARY,2017-10-13,1864.02,,,TRUMPOWER,CHRISTOPHER,,WASHINGTON,200012621,ADMINISTRATIVE,*,http://docquery.fec.gov/cgi-bin/fecimg/?201804129107996295
C00462374,CRAWFORD FOR CONGRESS,TRUMP INTERNATIONAL HOTEL,DC,LODGING,2017-02-06,1559.58,PRIMARY,2018,,,,WASHINGTON,20004,TRAVEL,,http://docquery.fec.gov/cgi-bin/fecimg/?201704159052256860
C00618371,TRUMP MAKE AMERICA GREAT AGAIN COMMITTEE,"DONALD J. TRUMP FOR PRESIDENT, INC.",NY,TRANSFER OF NET PROCEEDS,2018-03-30,64112.79,GENERAL,2020,,,,NEW YORK,10022,TRANSFERS,,http://docquery.fec.gov/cgi-bin/fecimg/?201804159108141845
C00580100,"DONALD J. TRUMP FOR PRESIDENT, INC.",TRUMP INTERNATIONAL HOTEL,DC,AMEX: TRAVEL: LODGING [SB23.924301],2017-07-13,964.64,PRIMARY,2020,,,,WASHINGTON,20004,TRAVEL,,http://docquery.fec.gov/cgi-bin/fecimg/?201712119089173099
C00525063,"ALKERMES, INC. POLITICAL ACTION COMMITTEE",TRUMP FOR SENATE,WV,P-2018 STATE SENATE 15 WV,2017-10-19,250,PRIMARY,2018,,,,BERKELEY SPRINGS,25411,OTHER,,http://docquery.fec.gov/cgi-bin/fecimg/?201801189090437541
C00401224,ACTBLUE,IMPEACH TRUMP PAC,DC,EARMARK CONTRIBUTION,2017-04-30,3,PRIMARY,2016,,,,WASHINGTON,20003,OTHER,"EARMARK OF ADAMS, MARY",http://docquery.fec.gov/cgi-bin/fecimg/?201711019080642348
C00588657,TEXANS FOR JODEY ARRINGTON,TRUMP INTERNATIONAL HOTEL,DC,"FACILITY USE, FOOD, AND BEVERAGE",2017-01-02,3314.85,PRIMARY,2018,,,,WASHINGTON,20004,OTHER,,http://docquery.fec.gov/cgi-bin/fecimg/?201704189052308002
C00633362,"HANDEL FOR CONGRESS, INC.",TRUMP INTERNATIONAL HOTEL WASHINGTON,DC,FOOD/BEVERAGE,2017-07-07,230,PRIMARY,2018,,,,WASHINGTON,200042501,OTHER,,http://docquery.fec.gov/cgi-bin/fecimg/?201707179066760365
C00580100,"DONALD J. TRUMP FOR PRESIDENT, INC.",TRUMP INTERNATIONAL HOTEL,DC,AMEX: TRAVEL: LODGING [SB23.728561],2017-04-18,910.28,PRIMARY,2020,,,,WASHINGTON,20004,TRAVEL,,http://docquery.fec.gov/cgi-bin/fecimg/?201712119089161785
C00493924,REINVENTING A NEW DIRECTION POLITICAL ACTION COMMITTEE,TRUMP NATIONAL,VA,FOOD/BEVERAGE,2017-11-02,109.1,,,,,,POTOMAC FALLS,20165,OTHER,,http://docquery.fec.gov/cgi-bin/fecimg/?201801319091013713
C00401224,ACTBLUE,IMPEACH TRUMP PAC,DC,EARMARK CONTRIBUTION,2017-05-14,3,PRIMARY,2016,,,,WASHINGTON,20003,OTHER,"EARMARK OF CALABRESE, JOHN",http://docquery.fec.gov/cgi-bin/fecimg/?201711019082074178
